created,daily_agreement_60d_avg
2009-01-02,0.8616284567931599
2009-01-03,0.8617589986095036
2009-01-04,0.8612910749523663
2009-01-05,0.8608775867201023
2009-01-06,0.8604994444258477
2009-01-07,0.8605117155568774
2009-01-08,0.8602596870383746
2009-01-09,0.8598728804453963
2009-01-10,0.8597770435185316
2009-01-11,0.8595957725686576
2009-01-12,0.8593006605634673
2009-01-13,0.8598202278143771
2009-01-14,0.8597235650030536
2009-01-15,0.8594411312446838
2009-01-16,0.859603420028708
2009-01-17,0.8596283758391359
2009-01-18,0.8595926146930896
2009-01-19,0.8593832076958081
2009-01-20,0.8593884703564955
2009-01-21,0.8590284401581365
2009-01-22,0.8590474420056203
2009-01-23,0.8587325317792347
2009-01-24,0.8586636721909439
2009-01-25,0.8591820335018577
2009-01-26,0.8598195144846105
2009-01-27,0.8603796488480983
2009-01-28,0.8612178765676864
2009-01-29,0.8614758519282033
2009-01-30,0.8616070068212129
2009-01-31,0.8617824118761759
2009-02-01,0.8621637291020755
2009-02-02,0.8622639268647899
2009-02-03,0.8624904043400531
2009-02-04,0.8631736099934818
2009-02-05,0.8631799316218995
2009-02-06,0.8631149743834564
2009-02-07,0.8635507778386046
2009-02-08,0.863405599522485
2009-02-09,0.8632846122638116
2009-02-10,0.8633609398284291
2009-02-11,0.8635502661062329
2009-02-12,0.8638135743770367
2009-02-13,0.8636141564033967
2009-02-14,0.8637773106455146
2009-02-15,0.8640955399041126
2009-02-16,0.8642824721883006
2009-02-17,0.8641659787577086
2009-02-18,0.8636037671501572
2009-02-19,0.8632756873138806
2009-02-20,0.8635108616553469
2009-02-21,0.8638262378075622
2009-02-22,0.8641430646783662
2009-02-23,0.8642475440479648
2009-02-24,0.8640971983947159
2009-02-25,0.8642874875760291
2009-02-26,0.864544521896275
2009-02-27,0.8643599860219187
2009-02-28,0.8645839327010261
2009-03-01,0.8648021719746377
2009-03-02,0.8649306024850599
2009-03-03,0.8648509780270959
2009-03-04,0.8650698012551976
2009-03-05,0.8651296924233216
2009-03-06,0.8652062268202495
2009-03-07,0.8651199970950926
2009-03-08,0.8653741962540702
2009-03-09,0.8654935954021081
2009-03-10,0.8655634202221038
2009-03-11,0.8657055847450011
2009-03-12,0.8658223333124967
2009-03-13,0.8659164971131753
2009-03-14,0.8655808257759486
2009-03-15,0.8654791759079754
2009-03-16,0.8651542237726304
2009-03-17,0.865301362402773
2009-03-18,0.8653758619771512
2009-03-19,0.8650967432108917
2009-03-20,0.8650322451692154
2009-03-21,0.8649967172182913
2009-03-22,0.8649530526886084
2009-03-23,0.8650269177453768
2009-03-24,0.8651871775949865
2009-03-25,0.8657310154417455
2009-03-26,0.8653212029070402
2009-03-27,0.8648500162407186
2009-03-28,0.8646535043360789
2009-03-29,0.8645594302363993
2009-03-30,0.8644860094972446
2009-03-31,0.8645039685510882
2009-04-01,0.8648960592814897
2009-04-02,0.864634035351449
2009-04-03,0.8642693342843094
2009-04-04,0.8642826970654531
2009-04-05,0.8644755536202055
2009-04-06,0.8646834612260934
2009-04-07,0.8649454416825467
2009-04-08,0.8654567397412583
2009-04-09,0.8647814344356977
2009-04-10,0.864918431478214
2009-04-11,0.8651097245921288
2009-04-12,0.8652591627940556
2009-04-13,0.8652240639458878
2009-04-14,0.8655497923385244
2009-04-15,0.86595891900943
2009-04-16,0.8656001985489198
2009-04-17,0.8652008111904392
2009-04-18,0.8650585973823824
2009-04-19,0.8653424016306299
2009-04-20,0.8658451445641845
2009-04-21,0.8663886167564722
2009-04-22,0.8665879382804264
2009-04-23,0.8665848915791844
2009-04-24,0.8663546763081442
2009-04-25,0.866230585934528
2009-04-26,0.866128540260512
2009-04-27,0.8661997242777935
2009-04-28,0.8664413693297797
2009-04-29,0.866978455459276
2009-04-30,0.8669727051933002
2009-05-01,0.8667693204852474
2009-05-02,0.8663998468977047
2009-05-03,0.8665456929838936
2009-05-04,0.8665817260643723
2009-05-05,0.8666882295485467
2009-05-06,0.8669479066121755
2009-05-07,0.86701904471416
2009-05-08,0.8670816488554831
2009-05-09,0.867152072224519
2009-05-10,0.8669218052906971
2009-05-11,0.8670055768934827
2009-05-12,0.8670004760980962
2009-05-13,0.8669727529556941
2009-05-14,0.8672884355313234
2009-05-15,0.866943365455425
2009-05-16,0.8666265356975672
2009-05-17,0.8665736649601776
2009-05-18,0.8663417030025822
2009-05-19,0.8667895831348339
2009-05-20,0.8666997815982556
2009-05-21,0.8657220982942928
2009-05-22,0.8647665709803374
2009-05-23,0.8639539665554039
2009-05-24,0.863101001785326
2009-05-25,0.8625674219291425
2009-05-26,0.8621832090971556
2009-05-27,0.8620929533570592
2009-05-28,0.8615220381915422
2009-05-29,0.8610213303181476
2009-05-30,0.8605540399360215
2009-05-31,0.8602770192096426
2009-06-01,0.8601000642467936
2009-06-02,0.8599560007153045
2009-06-03,0.8597326030134441
2009-06-04,0.8587724723437077
2009-06-05,0.8578691893977075
2009-06-06,0.8574165608602043
2009-06-07,0.8569747738311171
2009-06-08,0.8562929692456792
2009-06-09,0.856133885213711
2009-06-10,0.8538926888200858
2009-06-11,0.8540832104744239
2009-06-12,0.8537536054690834
2009-06-13,0.853789765420891
2009-06-14,0.8537329809714274
2009-06-15,0.8535071525999163
2009-06-16,0.8536207322378224
2009-06-17,0.8538249941919392
2009-06-18,0.8538933642290405
2009-06-19,0.853740453269019
2009-06-20,0.8537256335886213
2009-06-21,0.8537355884336202
2009-06-22,0.8536407231332919
2009-06-23,0.8537735768734525
2009-06-24,0.8539245394514982
2009-06-25,0.8541953862183336
2009-06-26,0.8544845559174411
2009-06-27,0.8545868882741027
2009-06-28,0.8545982480177061
2009-06-29,0.8546926561442356
2009-06-30,0.8550740753281226
2009-07-01,0.8557097597547819
2009-07-02,0.8561512721818275
2009-07-03,0.8563510333653904
2009-07-04,0.8563254144338632
2009-07-05,0.856522300235817
2009-07-06,0.8563523418575897
2009-07-07,0.856719174719956
2009-07-08,0.8568474884462355
2009-07-09,0.8567212275806269
2009-07-10,0.8568561032877176
2009-07-11,0.8569954922535867
2009-07-12,0.8573166371683474
2009-07-13,0.8575485377094957
2009-07-14,0.8577990743873293
2009-07-15,0.8581752316882364
2009-07-16,0.8587958480184031
2009-07-17,0.8590150237866854
2009-07-18,0.859307698417625
2009-07-19,0.8594761197169575
2009-07-20,0.8597696997618417
2009-07-21,0.8610585095082941
2009-07-22,0.8621425876590466
2009-07-23,0.8628542906253909
2009-07-24,0.8634744099868776
2009-07-25,0.8639875154187759
2009-07-26,0.8648871413519049
2009-07-27,0.8654642899908446
2009-07-28,0.8662294698940953
2009-07-29,0.8669114269562054
2009-07-30,0.8672338968968747
2009-07-31,0.8674870095417204
2009-08-01,0.8678331451870007
2009-08-02,0.8681872427602758
2009-08-03,0.8688746692153702
2009-08-04,0.869922339322071
2009-08-05,0.870953757343436
2009-08-06,0.8710091847191939
2009-08-07,0.8713350904311383
2009-08-08,0.8716192679854388
2009-08-09,0.8722756271358318
2009-08-10,0.8746129551318254
2009-08-11,0.8745825545847454
2009-08-12,0.8748569910504117
2009-08-13,0.8749631766597207
2009-08-14,0.874911955332745
2009-08-15,0.8750379416573152
2009-08-16,0.8751001116585801
2009-08-17,0.8751435556670393
2009-08-18,0.8754297410183589
2009-08-19,0.8757211001818987
2009-08-20,0.8757388804394444
2009-08-21,0.8755900256489919
2009-08-22,0.8758247215253385
2009-08-23,0.8760720998919115
2009-08-24,0.8761320820018982
2009-08-25,0.8761156308313983
2009-08-26,0.8761735690409574
2009-08-27,0.8758592629950092
2009-08-28,0.8750737150936317
2009-08-29,0.8748433665407273
2009-08-30,0.8745785341092148
2009-08-31,0.8741659246689647
2009-09-01,0.874107758438977
2009-09-02,0.8740483972349252
2009-09-03,0.8741674965143091
2009-09-04,0.8738753472942793
2009-09-05,0.8741345003063615
2009-09-06,0.8740742936598934
2009-09-07,0.8741158022038364
2009-09-08,0.8744036395559406
2009-09-09,0.8747394304883477
2009-09-10,0.8744009499100889
2009-09-11,0.8739445406175345
2009-09-12,0.873814973294712
2009-09-13,0.8736662574489718
2009-09-14,0.8737336405892366
2009-09-15,0.8738782691224877
2009-09-16,0.87412814457438
2009-09-17,0.8740707163255471
2009-09-18,0.8737312852398637
2009-09-19,0.8736141236257245
2009-09-20,0.873483340718905
2009-09-21,0.873772296828057
2009-09-22,0.8740444730159334
2009-09-23,0.8744184985345098
2009-09-24,0.8741890804227249
2009-09-25,0.8741094865626552
2009-09-26,0.8741601408826866
2009-09-27,0.8738956050428026
2009-09-28,0.8740420092812585
2009-09-29,0.8742758253259798
2009-09-30,0.8746273404237268
2009-10-01,0.8743358879727854
2009-10-02,0.873967788158891
2009-10-03,0.873877322530972
2009-10-04,0.8739237573654307
2009-10-05,0.8738554485825267
2009-10-06,0.8741291421123256
2009-10-07,0.8741748096471077
2009-10-08,0.8741574989088262
2009-10-09,0.8741940258578722
2009-10-10,0.8742216292073337
2009-10-11,0.8741812455232428
2009-10-12,0.8743153123132423
2009-10-13,0.8743638539418154
2009-10-14,0.8746637799889896
2009-10-15,0.8745598798080393
2009-10-16,0.8743624362597083
2009-10-17,0.8743656527162921
2009-10-18,0.8741412601446451
2009-10-19,0.8743418064692527
2009-10-20,0.8747746740792868
2009-10-21,0.8748288315389091
2009-10-22,0.8747316103125089
2009-10-23,0.8745000613418602
2009-10-24,0.8747397385601599
2009-10-25,0.8748050118136713
2009-10-26,0.8750248443308317
2009-10-27,0.8746769215340408
2009-10-28,0.8753218625037351
2009-10-29,0.8750646702674393
2009-10-30,0.8749323218122317
2009-10-31,0.8750807214554918
2009-11-01,0.8750766601179403
2009-11-02,0.8749952841073757
2009-11-03,0.8749104531321769
2009-11-04,0.8754379203856246
2009-11-05,0.8755351822965582
2009-11-06,0.8756810744243245
2009-11-07,0.875658908675256
2009-11-08,0.875632666555284
2009-11-09,0.8757974082344465
2009-11-10,0.8762713131382365
2009-11-11,0.8764965484556339
2009-11-12,0.8763198973108548
2009-11-13,0.8759651328084525
2009-11-14,0.8757724579634271
2009-11-15,0.8758396598212825
2009-11-16,0.8758497018869564
2009-11-17,0.875896312058366
2009-11-18,0.8759482586959837
2009-11-19,0.875565207579771
2009-11-20,0.8753648216702211
2009-11-21,0.8748116507216864
2009-11-22,0.874670753547453
2009-11-23,0.8741769761944385
2009-11-24,0.8740640196112743
2009-11-25,0.8747527352610889
2009-11-26,0.874970177915967
2009-11-27,0.8750887075212884
2009-11-28,0.874866744799479
2009-11-29,0.8749619541363844
2009-11-30,0.8748159754171818
2009-12-01,0.8751022020947221
2009-12-02,0.8756079450955263
2009-12-03,0.87577081781589
2009-12-04,0.8758302562218879
2009-12-05,0.8761381067508589
2009-12-06,0.8765067084812311
2009-12-07,0.8770616261959241
2009-12-08,0.8774761055288389
2009-12-09,0.8779682576615764
2009-12-10,0.8783089285030972
2009-12-11,0.8784756547683378
2009-12-12,0.878742684720587
2009-12-13,0.8791135161524426
2009-12-14,0.8790135040401688
2009-12-15,0.8792932523361382
2009-12-16,0.8795704773657309
2009-12-17,0.879415162229764
2009-12-18,0.8795281979578945
2009-12-19,0.8794075345592814
2009-12-20,0.879398702563851
2009-12-21,0.8797662155276279
2009-12-22,0.8801627772988719
2009-12-23,0.8804908957949537
2009-12-24,0.8803893401625348
2009-12-25,0.8803646855022627
2009-12-26,0.8804866571411036
2009-12-27,0.8813811253904547
2009-12-28,0.8819506139387758
2009-12-29,0.882403931110608
2009-12-30,0.8826758658221634
2009-12-31,0.8825809922418038
2010-01-01,0.882635864012982
2010-01-02,0.8827296880211903
2010-01-03,0.8829907081977001
2010-01-04,0.8830054404509159
2010-01-05,0.8832766606806218
2010-01-06,0.8832388195605663
2010-01-07,0.88330452371563
2010-01-08,0.8833773597235779
2010-01-09,0.8834598431218745
2010-01-10,0.8834651734208189
2010-01-11,0.8838298473028364
2010-01-12,0.8844517025583557
2010-01-13,0.8848128505742717
2010-01-14,0.8848652204554643
2010-01-15,0.8846332162331394
2010-01-16,0.8844047562980196
2010-01-17,0.8846375432324656
2010-01-18,0.8849062421725239
2010-01-19,0.8856155615071215
2010-01-20,0.8859313647841087
2010-01-21,0.8862932376246957
2010-01-22,0.8865649287798174
2010-01-23,0.887091332787592
2010-01-24,0.8877343290403892
2010-01-25,0.8873861442437695
2010-01-26,0.8873597215656522
2010-01-27,0.8875495797308948
2010-01-28,0.8876727338685867
2010-01-29,0.8875146239054205
2010-01-30,0.8876449423204761
2010-01-31,0.8877696226975843
2010-02-01,0.8881710999049525
2010-02-02,0.8885932946550885
2010-02-03,0.8888827642474617
2010-02-04,0.8887215138009846
2010-02-05,0.8885209600493021
2010-02-06,0.8884092627129758
2010-02-07,0.8884803132952043
2010-02-08,0.8883631541549157
2010-02-09,0.8883853616094841
2010-02-10,0.8885433991923081
2010-02-11,0.8881359209850835
2010-02-12,0.8878104071101531
2010-02-13,0.8879938360833404
2010-02-14,0.8880245728939017
2010-02-15,0.8882906650600654
2010-02-16,0.8885033422990816
2010-02-17,0.8884020610740269
2010-02-18,0.8883649952389802
2010-02-19,0.8882408082357205
2010-02-20,0.8879409844657014
2010-02-21,0.8878328809474373
2010-02-22,0.8878608462980471
2010-02-23,0.8883142072597617
2010-02-24,0.8885805702318789
2010-02-25,0.8883513921366692
2010-02-26,0.8882710526593285
2010-02-27,0.888044234644973
2010-02-28,0.8881309598843696
2010-03-01,0.8882591155431492
2010-03-02,0.8886343170165412
2010-03-03,0.8885546996611632
2010-03-04,0.8884258832633302
2010-03-05,0.8882160929034381
2010-03-06,0.8881260438348029
2010-03-07,0.887901250445389
2010-03-08,0.8881024587312807
2010-03-09,0.8882377958375509
2010-03-10,0.8882608109243288
2010-03-11,0.8878968281182287
2010-03-12,0.8875357754194216
2010-03-13,0.8874876077380276
2010-03-14,0.8872368254655185
2010-03-15,0.8874761707519006
2010-03-16,0.8877646926781626
2010-03-17,0.8879711614736577
2010-03-18,0.8880890840578948
2010-03-19,0.8880723187314473
2010-03-20,0.8879618847313546
2010-03-21,0.8879922527109699
2010-03-22,0.8882208112791706
2010-03-23,0.8883186868499187
2010-03-24,0.8883223585822042
2010-03-25,0.8881901500263671
2010-03-26,0.8880492251553344
2010-03-27,0.8880917829985042
2010-03-28,0.8881971520874451
2010-03-29,0.8881846203761945
2010-03-30,0.8884051372797378
2010-03-31,0.8887541696275134
2010-04-01,0.8887260288401225
2010-04-02,0.8887225571463488
2010-04-03,0.8884373911549717
2010-04-04,0.8883608941013326
2010-04-05,0.8876939779642425
2010-04-06,0.8880347775300168
2010-04-07,0.8880164418180405
2010-04-08,0.8877856136053988
2010-04-09,0.8875919406040144
2010-04-10,0.8875078361832893
2010-04-11,0.8873499600738104
2010-04-12,0.8873298525282112
2010-04-13,0.8874632074393658
2010-04-14,0.8875546648796541
2010-04-15,0.8873615153205783
2010-04-16,0.8870352448557457
2010-04-17,0.8868566061062632
2010-04-18,0.8869012624518251
2010-04-19,0.8871720167591142
2010-04-20,0.8873107550723041
2010-04-21,0.8874033843560105
2010-04-22,0.8875921387296489
2010-04-23,0.8875718246097835
2010-04-24,0.887448381594079
2010-04-25,0.8872237262594811
2010-04-26,0.8870629070887627
2010-04-27,0.8873493386516225
2010-04-28,0.8874870481089039
2010-04-29,0.8872765610558634
2010-04-30,0.886895705713032
2010-05-01,0.8860756083465436
2010-05-02,0.8855873747689524
2010-05-03,0.8855201684671756
2010-05-04,0.885614167500947
2010-05-05,0.8858892821624679
2010-05-06,0.8857725880906169
2010-05-07,0.8856427771811726
2010-05-08,0.88553953642191
2010-05-09,0.8854289905355381
2010-05-10,0.8855649085814778
2010-05-11,0.8857692638577281
2010-05-12,0.886033152103196
2010-05-13,0.8857441244039057
2010-05-14,0.8855666379455339
2010-05-15,0.8854087215048957
2010-05-16,0.8853628420741895
2010-05-17,0.8853372873687888
2010-05-18,0.8855036656842395
2010-05-19,0.8853486563983519
2010-05-20,0.8853459772286285
2010-05-21,0.8849201987756612
2010-05-22,0.8846321553871735
2010-05-23,0.8846091853075577
2010-05-24,0.8846138830863122
2010-05-25,0.8848232252024232
2010-05-26,0.884566657800384
2010-05-27,0.8843343696228677
2010-05-28,0.8839517462493366
2010-05-29,0.8837681384911943
2010-05-30,0.8836373101684751
2010-05-31,0.8836920692729021
2010-06-01,0.8838797095645831
2010-06-02,0.8837753864174585
2010-06-03,0.8836286350155802
2010-06-04,0.8831073033802675
2010-06-05,0.8834274098703957
2010-06-06,0.8830782002805561
2010-06-07,0.883121228431722
2010-06-08,0.8833590575489552
2010-06-09,0.8835002199286734
2010-06-10,0.8835200844189969
2010-06-11,0.8832417729041118
2010-06-12,0.8829384811516134
2010-06-13,0.8829427937136869
2010-06-14,0.8830859802679231
2010-06-15,0.8833865203473742
2010-06-16,0.8836363572254897
2010-06-17,0.883567969878683
2010-06-18,0.8834804410063406
2010-06-19,0.8833149294790895
2010-06-20,0.8832789257582877
2010-06-21,0.8833567418449262
2010-06-22,0.8833044116803181
2010-06-23,0.8834377807264914
2010-06-24,0.8832281069465353
2010-06-25,0.8829708678205308
2010-06-26,0.8829860363360285
2010-06-27,0.8830086560139455
2010-06-28,0.8830833468671545
2010-06-29,0.8832997283168285
2010-06-30,0.8836962104866114
2010-07-01,0.8842932132907858
2010-07-02,0.8843191559256263
2010-07-03,0.8844005706275679
2010-07-04,0.8842168048024688
2010-07-05,0.8840421953807621
2010-07-06,0.8843693674125214
2010-07-07,0.8847100623309824
2010-07-08,0.8845271028851699
2010-07-09,0.8843028157115316
2010-07-10,0.8840689483360958
2010-07-11,0.8843435776375543
2010-07-12,0.8845302362626262
2010-07-13,0.8848946859904973
2010-07-14,0.8851465194908907
2010-07-15,0.8849776472201755
2010-07-16,0.8847590317665271
2010-07-17,0.8848844079998336
2010-07-18,0.8849848122597052
2010-07-19,0.8851881066748166
2010-07-20,0.8855235648459577
2010-07-21,0.8857833034948138
2010-07-22,0.8856791062563223
2010-07-23,0.8855435682810908
2010-07-24,0.8855323851684936
2010-07-25,0.8854605911577372
2010-07-26,0.8856276223146019
2010-07-27,0.8856791948181563
2010-07-28,0.8859902394225556
2010-07-29,0.8861972456006691
2010-07-30,0.8860048133870587
2010-07-31,0.8858294460418613
2010-08-01,0.8858128386465929
2010-08-02,0.885793373751064
2010-08-03,0.886132331293929
2010-08-04,0.8864678786984508
2010-08-05,0.8865414919619483
2010-08-06,0.8865228935210692
2010-08-07,0.8864281824584601
2010-08-08,0.8863984755786302
2010-08-09,0.8864015421745086
2010-08-10,0.886370365323515
2010-08-11,0.8866856444654588
2010-08-12,0.8865627101004685
2010-08-13,0.8866615905844779
2010-08-14,0.8865564878184834
2010-08-15,0.8865489889643854
2010-08-16,0.886711153169261
2010-08-17,0.8870542877676039
2010-08-18,0.8873836237133642
2010-08-19,0.8875426650540595
2010-08-20,0.8875593280537765
2010-08-21,0.8875844041675712
2010-08-22,0.8874288463307319
2010-08-23,0.887433405440699
2010-08-24,0.8878061970753005
2010-08-25,0.8879450668678449
2010-08-26,0.8877563301228436
2010-08-27,0.887542668694507
2010-08-28,0.8874587618245229
2010-08-29,0.8873169534029457
2010-08-30,0.8870727544401931
2010-08-31,0.8872832657365155
2010-09-01,0.8874887768323814
2010-09-02,0.8875303561938328
2010-09-03,0.8876985223469944
2010-09-04,0.8876828646481087
2010-09-05,0.8873699313086103
2010-09-06,0.8873085031262967
2010-09-07,0.8875625907841096
2010-09-08,0.8878418259645232
2010-09-09,0.8878159309015791
2010-09-10,0.8876591992769945
2010-09-11,0.8875713711640822
2010-09-12,0.8873324406304445
2010-09-13,0.8871331939473557
2010-09-14,0.8872497912972953
2010-09-15,0.8874668622201259
2010-09-16,0.8874557265100081
2010-09-17,0.8872769820927099
2010-09-18,0.8873213823582259
2010-09-19,0.88725421635514
2010-09-20,0.8873301685173675
2010-09-21,0.8875006254124831
2010-09-22,0.8877829477627946
2010-09-23,0.8876979134102762
2010-09-24,0.8873481371442846
2010-09-25,0.8873095276808824
2010-09-26,0.8873370141700933
2010-09-27,0.8872861231740778
2010-09-28,0.8872797176445048
2010-09-29,0.887488550871759
2010-09-30,0.8871874876058282
2010-10-01,0.886887884575553
2010-10-02,0.8869874287594968
2010-10-03,0.886850781169
2010-10-04,0.8869154788304334
2010-10-05,0.8871865261189937
2010-10-06,0.8873317144049114
2010-10-07,0.8873342302135206
2010-10-08,0.8870825207746035
2010-10-09,0.8870900688158437
2010-10-10,0.8871237415643342
2010-10-11,0.8870504266215693
2010-10-12,0.887458733134309
2010-10-13,0.8874720455398319
2010-10-14,0.8873260800442991
2010-10-15,0.8868704293932714
2010-10-16,0.8865921066769374
2010-10-17,0.8864001251825512
2010-10-18,0.8862430759651838
2010-10-19,0.8863219095478346
2010-10-20,0.8863310487647815
2010-10-21,0.88608619049891
2010-10-22,0.8860707271504069
2010-10-23,0.8858133827263329
2010-10-24,0.8857202985195172
2010-10-25,0.8857349891507654
2010-10-26,0.8858504071546525
2010-10-27,0.8856302622371177
2010-10-28,0.8853857286744841
2010-10-29,0.8853658840682415
2010-10-30,0.8853899866341853
2010-10-31,0.8853162581420078
2010-11-01,0.8854028239536799
2010-11-02,0.8855090993404529
2010-11-03,0.8855857610766115
2010-11-04,0.8852975644029537
2010-11-05,0.8851134796079322
2010-11-06,0.8851783148595573
2010-11-07,0.8853189537272709
2010-11-08,0.8855886468950307
2010-11-09,0.8859850508043667
2010-11-10,0.8861346035185864
2010-11-11,0.8858937737044292
2010-11-12,0.8860554576283379
2010-11-13,0.8863335221018563
2010-11-14,0.8865337872287109
2010-11-15,0.8866540577100978
2010-11-16,0.8867895895445465
2010-11-17,0.8867872535554928
2010-11-18,0.8864892804973397
2010-11-19,0.8864495154650727
2010-11-20,0.8863381019791037
2010-11-21,0.8862569972662626
2010-11-22,0.8862275733892363
2010-11-23,0.8864604668609927
2010-11-24,0.8867493095969529
2010-11-25,0.8869607423888486
2010-11-26,0.8867928456288992
2010-11-27,0.886728833563484
2010-11-28,0.8867004860008698
2010-11-29,0.8866871971311356
2010-11-30,0.8870009674010819
2010-12-01,0.887102115431601
2010-12-02,0.88699749159146
2010-12-03,0.8868594956291611
2010-12-04,0.8866774919050873
2010-12-05,0.8863980332274218
2010-12-06,0.8864488195417163
2010-12-07,0.8866301322642087
2010-12-08,0.886720191396631
2010-12-09,0.8863740743969907
2010-12-10,0.8861830469558906
2010-12-11,0.886168265356058
2010-12-12,0.8861362460399398
2010-12-13,0.8861703660139182
2010-12-14,0.8863191500260718
2010-12-15,0.8866001232253198
2010-12-16,0.8866058905779224
2010-12-17,0.8863954511385056
2010-12-18,0.8861940054533188
2010-12-19,0.8860535735211885
2010-12-20,0.8861213317006992
2010-12-21,0.8865237627910267
2010-12-22,0.8866543157932987
2010-12-23,0.8865787829023944
2010-12-24,0.8862534236402827
2010-12-25,0.8862519998820276
2010-12-26,0.8864934159041448
2010-12-27,0.8868605471427049
2010-12-28,0.8869944441100152
2010-12-29,0.8870525483086279
2010-12-30,0.8867021920146297
2010-12-31,0.8863958745541887
2011-01-01,0.8863139830668876
2011-01-02,0.8862811782269517
2011-01-03,0.8862094157996481
2011-01-04,0.8865694597486334
2011-01-05,0.8868496447410512
2011-01-06,0.8864011592761778
2011-01-07,0.886015346586106
2011-01-08,0.885799187654344
2011-01-09,0.8855078871919205
2011-01-10,0.8853882016500613
2011-01-11,0.8856717963189387
2011-01-12,0.8855711544234375
2011-01-13,0.8852619731777847
2011-01-14,0.8849309870055917
2011-01-15,0.8846379477694905
2011-01-16,0.8843031287140766
2011-01-17,0.8842852409641913
2011-01-18,0.8843234001111661
2011-01-19,0.8842268125318725
2011-01-20,0.8839250002820953
2011-01-21,0.8834379583385356
2011-01-22,0.8831388100532293
2011-01-23,0.8828112719467651
2011-01-24,0.8827293317960341
2011-01-25,0.8825962707193862
2011-01-26,0.8828229785535423
2011-01-27,0.8825986645866328
2011-01-28,0.8821890057449037
2011-01-29,0.8819853303870343
2011-01-30,0.8817514828056061
2011-01-31,0.8817471914378059
2011-02-01,0.8818730231424305
2011-02-02,0.8819986913764776
2011-02-03,0.8819210250870955
2011-02-04,0.8818373083582424
2011-02-05,0.8815637607938164
2011-02-06,0.8809901425628395
2011-02-07,0.8810291473945409
2011-02-08,0.8811732132951806
2011-02-09,0.880999527814058
2011-02-10,0.8806406253679069
2011-02-11,0.8802682775607598
2011-02-12,0.8799567815068022
2011-02-13,0.8797401432023509
2011-02-14,0.8796934637154089
2011-02-15,0.8796247908132231
2011-02-16,0.879806545739067
2011-02-17,0.8797459325732574
2011-02-18,0.8796250374050744
2011-02-19,0.8794346213008856
2011-02-20,0.8789263692644189
2011-02-21,0.8788191726232495
2011-02-22,0.8789678083948392
2011-02-23,0.879373798248224
2011-02-24,0.8792295843524836
2011-02-25,0.8790331455739412
2011-02-26,0.8789303885207902
2011-02-27,0.8789104680850336
2011-02-28,0.8784337639963246
2011-03-01,0.878807022080119
2011-03-02,0.8790269871749727
2011-03-03,0.8788222597871498
2011-03-04,0.8787888430659434
2011-03-05,0.878842880457474
2011-03-06,0.8787711547008442
2011-03-07,0.8789126618693349
2011-03-08,0.8792834034808282
2011-03-09,0.8794056695616806
2011-03-10,0.8793203321860918
2011-03-11,0.8789576208673877
2011-03-12,0.8789042769554279
2011-03-13,0.8787441710381535
2011-03-14,0.8788564452290051
2011-03-15,0.8792615006000264
2011-03-16,0.8794936261134899
2011-03-17,0.8794949431210273
2011-03-18,0.8793077548967368
2011-03-19,0.8793668406189852
2011-03-20,0.8794225524305433
2011-03-21,0.8796853534298468
2011-03-22,0.8798162256642088
2011-03-23,0.879401296225717
2011-03-24,0.8793069434777738
2011-03-25,0.8791237375672424
2011-03-26,0.8790289568224713
2011-03-27,0.8788702022358517
2011-03-28,0.8784898560978176
2011-03-29,0.8788642316516228
2011-03-30,0.87932059688347
2011-03-31,0.879315205375555
2011-04-01,0.8792413869585702
2011-04-02,0.8791295392694027
2011-04-03,0.8791315484885441
2011-04-04,0.8788484061740222
2011-04-05,0.8790349383552103
2011-04-06,0.8787946378526238
2011-04-07,0.8787702441534359
2011-04-08,0.8790287796545811
2011-04-09,0.8786795265403251
2011-04-10,0.878873101758316
2011-04-11,0.8790550979198167
2011-04-12,0.879488224902683
2011-04-13,0.8796906012835848
2011-04-14,0.8796542180587613
2011-04-15,0.8797591325276932
2011-04-16,0.8797801037605015
2011-04-17,0.8800078004211608
2011-04-18,0.8800970028509635
2011-04-19,0.8801852348474314
2011-04-20,0.8801998230498422
2011-04-21,0.880053789665847
2011-04-22,0.8800700352706579
2011-04-23,0.8800800814865922
2011-04-24,0.8800437693713448
2011-04-25,0.879707397647614
2011-04-26,0.8799780358025909
2011-04-27,0.8800604352454704
2011-04-28,0.8799664358123556
2011-04-29,0.8797483539941061
2011-04-30,0.8799888494962084
2011-05-01,0.8799574315102533
2011-05-02,0.8798965474084403
2011-05-03,0.8800751044284832
2011-05-04,0.8798877946325899
2011-05-05,0.8797322531375285
2011-05-06,0.87961181832925
2011-05-07,0.8790086318258837
2011-05-08,0.8788251904007915
2011-05-09,0.8788732456264746
2011-05-10,0.8788319960460808
2011-05-11,0.8792649908652348
2011-05-12,0.8790812009508043
2011-05-13,0.8788543517438724
2011-05-14,0.8786052087215958
2011-05-15,0.8782618649479846
2011-05-16,0.8780132175474065
2011-05-17,0.8781292698416927
2011-05-18,0.8782868532209693
2011-05-19,0.8780624650778881
2011-05-20,0.8777542288572279
2011-05-21,0.8771929888845217
2011-05-22,0.877260065551479
2011-05-23,0.878065950554248
2011-05-24,0.8780997068096879
2011-05-25,0.8778511663490997
2011-05-26,0.8776620929425725
2011-05-27,0.8775308301455783
2011-05-28,0.8777729554979588
2011-05-29,0.8776763723493153
2011-05-30,0.877506951699131
2011-05-31,0.8776433190743822
2011-06-01,0.877790723918316
2011-06-02,0.8777632196882298
2011-06-03,0.8774144780516315
2011-06-04,0.8773094530523405
2011-06-05,0.8770292206928975
2011-06-06,0.8771811326237186
2011-06-07,0.8772542723786012
2011-06-08,0.8773052318910647
2011-06-09,0.877347252312408
2011-06-10,0.8768946181607995
2011-06-11,0.8768067967325451
2011-06-12,0.8765776509186761
2011-06-13,0.8764440769923991
2011-06-14,0.8764191776806345
2011-06-15,0.8763190324361697
2011-06-16,0.8759604299575595
2011-06-17,0.8754351874885298
2011-06-18,0.8749635496866468
2011-06-19,0.8748485208749633
2011-06-20,0.874809552433377
2011-06-21,0.8748754543538401
2011-06-22,0.8748969770594096
2011-06-23,0.8743508747897993
2011-06-24,0.873899203969368
2011-06-25,0.8737711601282663
2011-06-26,0.8732986859762896
2011-06-27,0.8728851831495684
2011-06-28,0.8725937064502083
2011-06-29,0.8725718102180987
2011-06-30,0.8722531477043816
2011-07-01,0.8716339280413266
2011-07-02,0.8711084083742162
2011-07-03,0.8709509390947447
2011-07-04,0.8710326946424757
2011-07-05,0.8709691012759944
2011-07-06,0.8709262280890268
2011-07-07,0.8708344731935359
2011-07-08,0.870401486399311
2011-07-09,0.8700934677896935
2011-07-10,0.8697513937625533
2011-07-11,0.8694419617275987
2011-07-12,0.8694852799963356
2011-07-13,0.869615934232166
2011-07-14,0.8693056223746375
2011-07-15,0.8688759053456568
2011-07-16,0.868753406476889
2011-07-17,0.8685464091738815
2011-07-18,0.8685671367300609
2011-07-19,0.8685446006117741
2011-07-20,0.868684215694803
2011-07-21,0.8685582537837873
2011-07-22,0.8683369639069695
2011-07-23,0.8682282103548604
2011-07-24,0.8681998786674066
2011-07-25,0.8685768154903831
2011-07-26,0.868800812332977
2011-07-27,0.8688439232857773
2011-07-28,0.8683762019991843
2011-07-29,0.8680951311416789
2011-07-30,0.8681402081812842
2011-07-31,0.8681573560341103
2011-08-01,0.8682069884661673
2011-08-02,0.8683587104966763
2011-08-03,0.8685137852928752
2011-08-04,0.8686033791176884
2011-08-05,0.8684619118603844
2011-08-06,0.8684145410036335
2011-08-07,0.8683593801823716
2011-08-08,0.8683819350732185
2011-08-09,0.8685186672016421
2011-08-10,0.8686354011805172
2011-08-11,0.8683956697132914
2011-08-12,0.8679693081626401
2011-08-13,0.8679881566454092
2011-08-14,0.8681563142614438
2011-08-15,0.8681364885669142
2011-08-16,0.8683703429276944
2011-08-17,0.86872190751792
2011-08-18,0.868654019401226
2011-08-19,0.8684403274688488
2011-08-20,0.8683759034792558
2011-08-21,0.8683982608047205
2011-08-22,0.8685292254211934
2011-08-23,0.8690139450422966
2011-08-24,0.8693897404523285
2011-08-25,0.8694157444508378
2011-08-26,0.8693550618647191
2011-08-27,0.8694372390485262
2011-08-28,0.8697966908267808
2011-08-29,0.8699189997745762
2011-08-30,0.8704146537858011
2011-08-31,0.8710426217208079
2011-09-01,0.8713213711410366
2011-09-02,0.8712565453458034
2011-09-03,0.8712458537804654
2011-09-04,0.8714398618827254
2011-09-05,0.8715712736482888
2011-09-06,0.8717657785728017
2011-09-07,0.872248203969821
2011-09-08,0.8722751120088572
2011-09-09,0.8724410184357443
2011-09-10,0.8724443353514334
2011-09-11,0.8723242652695631
2011-09-12,0.8723844649457484
2011-09-13,0.872735591341762
2011-09-14,0.8731492371811003
2011-09-15,0.8730385087656195
2011-09-16,0.8728872753961825
2011-09-17,0.8727138350109335
2011-09-18,0.8727720500997915
2011-09-19,0.8727901671097267
2011-09-20,0.8731154288188686
2011-09-21,0.8732545683437782
2011-09-22,0.8731465408670944
2011-09-23,0.8729948062812625
2011-09-24,0.8729630283561941
2011-09-25,0.872883468194754
2011-09-26,0.8728974081647126
2011-09-27,0.873328866942161
2011-09-28,0.8734441243581057
2011-09-29,0.87309006522317
2011-09-30,0.8726667802508746
2011-10-01,0.8725270819969732
2011-10-02,0.8723324518344201
2011-10-03,0.8722751552658702
2011-10-04,0.8724574324263824
2011-10-05,0.8726705539416592
2011-10-06,0.8726657413550807
2011-10-07,0.8724237285128145
2011-10-08,0.8724650575764835
2011-10-09,0.8723965026199373
2011-10-10,0.8724814092177755
2011-10-11,0.8728577837347816
2011-10-12,0.8733298726506309
2011-10-13,0.8731523693621126
2011-10-14,0.8730284095502404
2011-10-15,0.8730046458907975
2011-10-16,0.8729020311336142
2011-10-17,0.8730050926434316
2011-10-18,0.8733462740784369
2011-10-19,0.8736466155901815
2011-10-20,0.8735441382782582
2011-10-21,0.8732834494723238
2011-10-22,0.8731325385379307
2011-10-23,0.8731650061053339
2011-10-24,0.8731282132238918
2011-10-25,0.8731132369372128
2011-10-26,0.8732404656533176
2011-10-27,0.8732065494292192
2011-10-28,0.8729407833178412
2011-10-29,0.8730259316926853
2011-10-30,0.8731211320180529
2011-10-31,0.8731615787929218
2011-11-01,0.8733919018908415
2011-11-02,0.873531212570669
2011-11-03,0.8734782527073681
2011-11-04,0.8731185739538696
2011-11-05,0.8730411335749119
2011-11-06,0.8732858684160575
2011-11-07,0.8732746605608777
2011-11-08,0.8733732400124772
2011-11-09,0.8734421679469786
2011-11-10,0.8732627430587646
2011-11-11,0.8731837818147874
2011-11-12,0.8729006393224565
2011-11-13,0.872870968048054
2011-11-14,0.8729500104221055
2011-11-15,0.8732332311364646
2011-11-16,0.8734589432000961
2011-11-17,0.8735688744162344
2011-11-18,0.8734912312944447
2011-11-19,0.8733804542846461
2011-11-20,0.8733927792247462
2011-11-21,0.8733929399871911
2011-11-22,0.873649718349713
2011-11-23,0.873854155861418
2011-11-24,0.873810422679351
2011-11-25,0.8736493215817069
2011-11-26,0.8734963865563468
2011-11-27,0.8734083486288867
2011-11-28,0.8734446672752185
2011-11-29,0.8736473760907897
2011-11-30,0.8737358757836793
2011-12-01,0.8736755553944381
2011-12-02,0.8735263310273896
2011-12-03,0.873470491624152
2011-12-04,0.873337074950117
2011-12-05,0.8734061883045707
2011-12-06,0.87355122828185
2011-12-07,0.8737271626568727
2011-12-08,0.8734812031797358
2011-12-09,0.8734617139905028
2011-12-10,0.8735827219688087
2011-12-11,0.8735412536866926
2011-12-12,0.8732410613489177
2011-12-13,0.8734567788562762
2011-12-14,0.8735890422710811
2011-12-15,0.8735367255839624
2011-12-16,0.8735189142434722
2011-12-17,0.873335082948074
2011-12-18,0.8733350276980804
2011-12-19,0.8733162141138777
2011-12-20,0.8736965718093583
2011-12-21,0.8740089943915904
2011-12-22,0.8740111205391392
2011-12-23,0.8737591248727962
2011-12-24,0.8739254612674613
2011-12-25,0.8742467071623011
2011-12-26,0.874600499929617
2011-12-27,0.8748977758838624
2011-12-28,0.8751730592648744
2011-12-29,0.8749469511623801
2011-12-30,0.8745648186039658
2011-12-31,0.8744362426313694
2012-01-01,0.8744046727957094
2012-01-02,0.8743968536918418
2012-01-03,0.8746029826687974
2012-01-04,0.8750300262765979
2012-01-05,0.8750013940419706
2012-01-06,0.8747564472240242
2012-01-07,0.874517079848912
2012-01-08,0.8746824151342761
2012-01-09,0.8748377585557167
2012-01-10,0.8751647837818997
2012-01-11,0.8754324700892282
2012-01-12,0.8754779049889685
2012-01-13,0.8751876933488375
2012-01-14,0.8749273625361409
2012-01-15,0.8749586508739483
2012-01-16,0.8750366277917218
2012-01-17,0.8751231803875745
2012-01-18,0.8752900132424025
2012-01-19,0.8753124973872913
2012-01-20,0.8752101899227495
2012-01-21,0.8752790533883752
2012-01-22,0.8752680401462324
2012-01-23,0.8754253657451958
2012-01-24,0.8755418872028777
2012-01-25,0.875750445075206
2012-01-26,0.8756789141828413
2012-01-27,0.8755537076361561
2012-01-28,0.8756015396626357
2012-01-29,0.8757405875742105
2012-01-30,0.8760763944952236
2012-01-31,0.8762081843042845
2012-02-01,0.8764220723471717
2012-02-02,0.8763229897139367
2012-02-03,0.8762789051523613
2012-02-04,0.8762130428745213
2012-02-05,0.8762479858895852
2012-02-06,0.8763669417469837
2012-02-07,0.8765607129295719
2012-02-08,0.876602743240616
2012-02-09,0.8762242084729887
2012-02-10,0.8760688264786683
2012-02-11,0.8764542246699102
2012-02-12,0.8764193422134633
2012-02-13,0.8763730234203979
2012-02-14,0.8765219260382325
2012-02-15,0.8765798440936389
2012-02-16,0.8765930870422531
2012-02-17,0.8762888112994107
2012-02-18,0.876214323356827
2012-02-19,0.875919347852168
2012-02-20,0.8757837294588363
2012-02-21,0.8758353823365264
2012-02-22,0.8760343404770553
2012-02-23,0.8756093754348455
2012-02-24,0.8751669522755304
2012-02-25,0.8748836753176186
2012-02-26,0.8747470310775973
2012-02-27,0.8745826196113269
2012-02-28,0.8745547247832619
2012-02-29,0.8747954076388423
2012-03-01,0.8746032863833623
2012-03-02,0.8746113098626612
2012-03-03,0.8745422555600377
2012-03-04,0.8743241393775842
2012-03-05,0.8741594442788214
2012-03-06,0.8741074875621488
2012-03-07,0.8741838230101895
2012-03-08,0.8740754713292929
2012-03-09,0.8736804109743499
2012-03-10,0.8734968296356198
2012-03-11,0.8734774596380253
2012-03-12,0.8734623701908746
2012-03-13,0.8737276072485025
2012-03-14,0.8740111112341565
2012-03-15,0.8740205429720687
2012-03-16,0.8737832302067718
2012-03-17,0.8737041035872635
2012-03-18,0.8736535323327215
2012-03-19,0.8736433732704841
2012-03-20,0.8737204646202684
2012-03-21,0.8738356514868327
2012-03-22,0.8737473610358301
2012-03-23,0.873621849757045
2012-03-24,0.8734547901994989
2012-03-25,0.8734999181742443
2012-03-26,0.8735326476559788
2012-03-27,0.8737738486082924
2012-03-28,0.8739614979491874
2012-03-29,0.8737798872099919
2012-03-30,0.8734921813103933
2012-03-31,0.873391120420301
2012-04-01,0.8733834473000605
2012-04-02,0.8733311462620994
2012-04-03,0.8735724547936837
2012-04-04,0.8735542051760788
2012-04-05,0.8732953459086649
2012-04-06,0.8730089022723109
2012-04-07,0.8727766946883019
2012-04-08,0.8727002914099987
2012-04-09,0.8726198382651625
2012-04-10,0.8727808324728452
2012-04-11,0.8728271531322679
2012-04-12,0.8723190077460274
2012-04-13,0.8719500359188755
2012-04-14,0.8718518890581234
2012-04-15,0.8717606936529854
2012-04-16,0.8717191200587587
2012-04-17,0.8716891552651685
2012-04-18,0.8717793949846138
2012-04-19,0.8715184324591029
2012-04-20,0.8711963198322854
2012-04-21,0.8711157634153256
2012-04-22,0.8709923132440005
2012-04-23,0.8708680488821015
2012-04-24,0.8709901403776545
2012-04-25,0.8710355977429665
2012-04-26,0.8707502127866803
2012-04-27,0.8702983787852017
2012-04-28,0.8700639995085797
2012-04-29,0.8699627956557182
2012-04-30,0.8698457786003108
2012-05-01,0.8698607755593941
2012-05-02,0.8696331011827245
2012-05-03,0.86940020192506
2012-05-04,0.8692559948375427
2012-05-05,0.8690784643215599
2012-05-06,0.8691156372958694
2012-05-07,0.8691529964342679
2012-05-08,0.8693108368642845
2012-05-09,0.8694887240892614
2012-05-10,0.8692993573493862
2012-05-11,0.8689262059453049
2012-05-12,0.8688598421180455
2012-05-13,0.8685979399549372
2012-05-14,0.8685326312354349
2012-05-15,0.8685983096634065
2012-05-16,0.8686729745897551
2012-05-17,0.8684037465757334
2012-05-18,0.8680313894220927
2012-05-19,0.8676491597765411
2012-05-20,0.8675316539718276
2012-05-21,0.867371130999074
2012-05-22,0.8674576384043605
2012-05-23,0.867459708990794
2012-05-24,0.867376943888206
2012-05-25,0.8670497427733637
2012-05-26,0.8668966634214135
2012-05-27,0.8667038049826129
2012-05-28,0.8665911694760412
2012-05-29,0.8666437243332235
2012-05-30,0.8665969879051506
2012-05-31,0.8662402522709959
2012-06-01,0.8658987378106539
2012-06-02,0.8658518440018343
2012-06-03,0.8656533683546732
2012-06-04,0.8655305219329273
2012-06-05,0.865664860323458
2012-06-06,0.8656714844522291
2012-06-07,0.865500765907401
2012-06-08,0.8652292352588542
2012-06-09,0.8651231383589462
2012-06-10,0.8649883643652941
2012-06-11,0.8649454404249407
2012-06-12,0.8651889599495397
2012-06-13,0.8654103665167405
2012-06-14,0.8652008310209157
2012-06-15,0.8649150471781953
2012-06-16,0.8647939232378988
2012-06-17,0.8647743391938055
2012-06-18,0.8647893523294591
2012-06-19,0.8649992916361289
2012-06-20,0.8649865909926552
2012-06-21,0.864774927664639
2012-06-22,0.8645425869051522
2012-06-23,0.8644633333524196
2012-06-24,0.8644208485140121
2012-06-25,0.8644618635776149
2012-06-26,0.86472500997541
2012-06-27,0.8650119154153872
2012-06-28,0.8647947225516126
2012-06-29,0.8645886288681774
2012-06-30,0.8644794775851244
2012-07-01,0.8645079542173011
2012-07-02,0.8645559248638687
2012-07-03,0.8646733225952293
2012-07-04,0.8647332183154486
2012-07-05,0.8645846703090301
2012-07-06,0.8642762565525204
2012-07-07,0.8641441603996313
2012-07-08,0.864044615246233
2012-07-09,0.8639891817910704
2012-07-10,0.8640769652363668
2012-07-11,0.8641578425965419
2012-07-12,0.863848089716445
2012-07-13,0.8637304335061079
2012-07-14,0.8636909356348312
2012-07-15,0.8637223525562711
2012-07-16,0.8636825737182026
2012-07-17,0.8638148199545342
2012-07-18,0.8640538949780926
2012-07-19,0.8639952869765314
2012-07-20,0.8638483888748678
2012-07-21,0.8637529244290385
2012-07-22,0.8637026609686419
2012-07-23,0.8637203254487859
2012-07-24,0.8637552399744688
2012-07-25,0.8638635967412033
2012-07-26,0.8636640466165536
2012-07-27,0.8635149691414932
2012-07-28,0.8635205602018918
2012-07-29,0.8634483411958709
2012-07-30,0.8635897336377577
2012-07-31,0.8638504987793926
2012-08-01,0.8639876401102423
2012-08-02,0.8636451349124475
2012-08-03,0.8634990095965456
2012-08-04,0.8635717292857278
2012-08-05,0.8635784029930562
2012-08-06,0.8636425267515588
2012-08-07,0.8637289204164132
2012-08-08,0.8639111822141288
2012-08-09,0.8638077884632801
2012-08-10,0.8637662052143207
2012-08-11,0.8636305299604384
2012-08-12,0.8635017217538777
2012-08-13,0.8635101574402606
2012-08-14,0.8636557190222193
2012-08-15,0.8638227100633755
2012-08-16,0.8636610063951274
2012-08-17,0.8634589133582495
2012-08-18,0.8633854151768712
2012-08-19,0.8631716167435489
2012-08-20,0.8634388808514118
2012-08-21,0.8636963108765494
2012-08-22,0.8638583058636414
2012-08-23,0.8636153322758466
2012-08-24,0.8634335990415604
2012-08-25,0.8634612365964047
2012-08-26,0.8634180452328819
2012-08-27,0.8634501344726058
2012-08-28,0.8636452898805272
2012-08-29,0.8639012573826371
2012-08-30,0.8637547552208996
2012-08-31,0.8635496777996624
2012-09-01,0.8635809160300533
2012-09-02,0.8636829161667491
2012-09-03,0.863808051221729
2012-09-04,0.864011464660058
2012-09-05,0.8642513542644127
2012-09-06,0.8640197747028706
2012-09-07,0.8638306213345435
2012-09-08,0.8637343854016832
2012-09-09,0.8637118354861814
2012-09-10,0.8637991691034228
2012-09-11,0.8639955874129671
2012-09-12,0.8642188999690104
2012-09-13,0.863994901577496
2012-09-14,0.8637308997719038
2012-09-15,0.8637418249857888
2012-09-16,0.8636718262591988
2012-09-17,0.8637279684151616
2012-09-18,0.8640003298004628
2012-09-19,0.8641628709652139
2012-09-20,0.8640066496480118
2012-09-21,0.863683015340256
2012-09-22,0.8636208214612863
2012-09-23,0.8636385707524318
2012-09-24,0.8635492802217108
2012-09-25,0.8638137544628494
2012-09-26,0.8638899846272975
2012-09-27,0.8634089102642488
2012-09-28,0.8632016071354967
2012-09-29,0.8631408446037179
2012-09-30,0.8630399808115432
2012-10-01,0.8630908378267769
2012-10-02,0.8633853282454489
2012-10-03,0.8635346103416937
2012-10-04,0.8632814952588175
2012-10-05,0.8630934387533784
2012-10-06,0.8631567814919877
2012-10-07,0.8633204414504079
2012-10-08,0.8634707411411453
2012-10-09,0.8637637861823454
2012-10-10,0.8639053171000286
2012-10-11,0.8639240494459225
2012-10-12,0.8639391451747183
2012-10-13,0.8640198872504892
2012-10-14,0.8641272551615757
2012-10-15,0.8642322216799845
2012-10-16,0.8643882895896089
2012-10-17,0.8645467001240923
2012-10-18,0.8644027164728864
2012-10-19,0.8644596534807845
2012-10-20,0.8644466452844504
2012-10-21,0.8644048892076548
2012-10-22,0.8644674370543348
2012-10-23,0.8646009203052125
2012-10-24,0.8646272710274533
2012-10-25,0.8644180993803198
2012-10-26,0.8643576617409039
2012-10-27,0.8644587044374296
2012-10-28,0.8647228353951566
2012-10-29,0.8648805964077644
2012-10-30,0.8651538491013302
2012-10-31,0.8653494067106534
2012-11-01,0.8650666333178465
2012-11-02,0.8647561651353611
2012-11-03,0.8646371512296072
2012-11-04,0.8647439944824441
2012-11-05,0.8648353734166271
2012-11-06,0.8651285575353587
2012-11-07,0.8653794370287502
2012-11-08,0.8652519886039591
2012-11-09,0.8651242228068656
2012-11-10,0.865185870147412
2012-11-11,0.8652904604148022
2012-11-12,0.8653365327879154
2012-11-13,0.8656272428455668
2012-11-14,0.8656739888204178
2012-11-15,0.8653095450982031
2012-11-16,0.8651127025236506
2012-11-17,0.8650791973775112
2012-11-18,0.8650417416185152
2012-11-19,0.865033680554672
2012-11-20,0.8652693144209324
2012-11-21,0.8654316096152704
2012-11-22,0.8652192846865978
2012-11-23,0.8649160434430557
2012-11-24,0.8647709185756909
2012-11-25,0.8645259000465683
2012-11-26,0.8643865105238703
2012-11-27,0.8646713605904695
2012-11-28,0.8648188548337413
2012-11-29,0.8645981384208319
2012-11-30,0.8644898424950298
2012-12-01,0.8643427151393388
2012-12-02,0.8642663974350985
2012-12-03,0.8642357419862382
2012-12-04,0.8645887697641913
2012-12-05,0.8648104302764739
2012-12-06,0.8646979428497288
2012-12-07,0.8645052373138679
2012-12-08,0.8643770491293973
2012-12-09,0.8643677064175475
2012-12-10,0.864458569973309
2012-12-11,0.8646772792322328
2012-12-12,0.8647561425790908
2012-12-13,0.86461090653379
2012-12-14,0.8643976029249117
2012-12-15,0.8644077044527685
2012-12-16,0.8644407811479524
2012-12-17,0.8645329351207797
2012-12-18,0.8647885468879827
2012-12-19,0.8649819092516982
2012-12-20,0.8648640321040839
2012-12-21,0.8647591996545144
2012-12-22,0.864792531359111
2012-12-23,0.8650062682842515
2012-12-24,0.8653201303526481
2012-12-25,0.8656258785937828
2012-12-26,0.8657713480618446
2012-12-27,0.8656465251343479
2012-12-28,0.8653654730582775
2012-12-29,0.8653169649740325
2012-12-30,0.8653066372461878
2012-12-31,0.8654106683554726
2013-01-01,0.8656970992968431
2013-01-02,0.8659602813395013
2013-01-03,0.8658268457233502
2013-01-04,0.8655741239474342
2013-01-05,0.8655014594677859
2013-01-06,0.8656204140499507
2013-01-07,0.8656522798057741
2013-01-08,0.8659352021441151
2013-01-09,0.8661271597400955
2013-01-10,0.865916325985781
2013-01-11,0.8656768749975027
2013-01-12,0.8656605484609756
2013-01-13,0.8655242797764557
2013-01-14,0.8656214484293887
2013-01-15,0.86600730710492
2013-01-16,0.8662592471453573
2013-01-17,0.8661276709467021
2013-01-18,0.8659417028997143
2013-01-19,0.8659066255249751
2013-01-20,0.8658930772726623
2013-01-21,0.8660265702673773
2013-01-22,0.8663096243619138
2013-01-23,0.8665976820287602
2013-01-24,0.8667482104582309
2013-01-25,0.8668640641382005
2013-01-26,0.8671455709357649
2013-01-27,0.8674053588378047
2013-01-28,0.867649031720633
2013-01-29,0.8681268215574598
2013-01-30,0.8684239963241366
2013-01-31,0.8684753971221213
2013-02-01,0.8685109647328042
2013-02-02,0.8686928670690928
2013-02-03,0.8687624726614604
2013-02-04,0.868779146652506
2013-02-05,0.8690022193697164
2013-02-06,0.8692343626559331
2013-02-07,0.8691829129732623
2013-02-08,0.8689590574427484
2013-02-09,0.8688969341001734
2013-02-10,0.868940364842973
2013-02-11,0.8690799937154349
2013-02-12,0.8692325162470932
2013-02-13,0.8694662437514245
2013-02-14,0.86916741451153
2013-02-15,0.8690533304970907
2013-02-16,0.8690519646871075
2013-02-17,0.8690512378185886
2013-02-18,0.8691101655442036
2013-02-19,0.8693100417390723
2013-02-20,0.8694719744342364
2013-02-21,0.8693880083226007
2013-02-22,0.8692136954895142
2013-02-23,0.869224135252124
2013-02-24,0.8691964444521516
2013-02-25,0.8692429111034067
2013-02-26,0.8693246908332729
2013-02-27,0.8694840316441362
2013-02-28,0.8693752094685764
2013-03-01,0.869159549681785
2013-03-02,0.8695004981546773
2013-03-03,0.8697078042329105
2013-03-04,0.8698423701530565
2013-03-05,0.870123797274851
2013-03-06,0.8703232011328915
2013-03-07,0.8703334053913573
2013-03-08,0.8702001396953868
2013-03-09,0.8702711001073343
2013-03-10,0.8703500314961665
2013-03-11,0.8704434875309662
2013-03-12,0.8707138789452231
2013-03-13,0.8710068138543909
2013-03-14,0.8708863930271747
2013-03-15,0.870881305847841
2013-03-16,0.8709469028625259
2013-03-17,0.870849110217188
2013-03-18,0.8709718300158309
2013-03-19,0.8711349495744225
2013-03-20,0.8710393874464497
2013-03-21,0.8706842703481955
2013-03-22,0.870562958208718
2013-03-23,0.8705441679646286
2013-03-24,0.8705970326821594
2013-03-25,0.8706726266593151
2013-03-26,0.8709083443522584
2013-03-27,0.871098035428965
2013-03-28,0.8709964819730535
2013-03-29,0.8707642271166847
2013-03-30,0.8707216209313818
2013-03-31,0.8706707633754112
2013-04-01,0.870635537772116
2013-04-02,0.8708783422441955
2013-04-03,0.8710808724911171
2013-04-04,0.8708684891933929
2013-04-05,0.8705776536130253
2013-04-06,0.870607426019251
2013-04-07,0.8704573485632895
2013-04-08,0.8704752579350052
2013-04-09,0.8706231864715182
2013-04-10,0.8708328549221004
2013-04-11,0.8707012114672187
2013-04-12,0.870457675479382
2013-04-13,0.870400722985868
2013-04-14,0.8704003507592689
2013-04-15,0.8703451965340697
2013-04-16,0.8706558251470737
2013-04-17,0.870836544724895
2013-04-18,0.8706442756046253
2013-04-19,0.8704750132340948
2013-04-20,0.8703722416353243
2013-04-21,0.8702797052885464
2013-04-22,0.8701835132028394
2013-04-23,0.870335428833687
2013-04-24,0.8704951609128687
2013-04-25,0.8701239418657241
2013-04-26,0.869894037880897
2013-04-27,0.8696538016146833
2013-04-28,0.869598406499521
2013-04-29,0.8695492252287753
2013-04-30,0.869600291347701
2013-05-01,0.8697856012798884
2013-05-02,0.8691886743378145
2013-05-03,0.8687254894473219
2013-05-04,0.8686249635990957
2013-05-05,0.8685754336556142
2013-05-06,0.8686302943329901
2013-05-07,0.8686495431775277
2013-05-08,0.8687003056732174
2013-05-09,0.8685257997945898
2013-05-10,0.8681743616477577
2013-05-11,0.868083383480442
2013-05-12,0.8680751453996698
2013-05-13,0.8680102435578412
2013-05-14,0.8682177653375583
2013-05-15,0.8683250992129191
2013-05-16,0.8681054945966482
2013-05-17,0.86803007278718
2013-05-18,0.8679174553678078
2013-05-19,0.8679923196106872
2013-05-20,0.8684023619768547
2013-05-21,0.8688748793403401
2013-05-22,0.8690714643675624
2013-05-23,0.8689245422935385
2013-05-24,0.8686873001559231
2013-05-25,0.8686177459083501
2013-05-26,0.8685600152568518
2013-05-27,0.868472256926925
2013-05-28,0.8686617703335298
2013-05-29,0.8689380760536051
2013-05-30,0.8687143450208703
2013-05-31,0.8684163439274232
2013-06-01,0.868285208282198
2013-06-02,0.8680085964420136
2013-06-03,0.8678975984993913
2013-06-04,0.86792762580272
2013-06-05,0.8679563811950824
2013-06-06,0.867667675842698
2013-06-07,0.8674459638455589
2013-06-08,0.8673018710668722
2013-06-09,0.8672607078030503
2013-06-10,0.8672709067103381
2013-06-11,0.8674680408158456
2013-06-12,0.8676111546741907
2013-06-13,0.8674042758863408
2013-06-14,0.8670095750683562
2013-06-15,0.8669641093852811
2013-06-16,0.866899489823797
2013-06-17,0.8669301559398719
2013-06-18,0.8670407281172448
2013-06-19,0.8672753495302766
2013-06-20,0.867031481991876
2013-06-21,0.8668442723621486
2013-06-22,0.8668781069755243
2013-06-23,0.8668226717954958
2013-06-24,0.8668891166930878
2013-06-25,0.8672657247528466
2013-06-26,0.8675157492123196
2013-06-27,0.8675303092415458
2013-06-28,0.8674435535268962
2013-06-29,0.8675940832964728
2013-06-30,0.867721907433616
2013-07-01,0.867863080076097
2013-07-02,0.8681883209761041
2013-07-03,0.8685189020871438
2013-07-04,0.8682937424387331
2013-07-05,0.868007773806108
2013-07-06,0.8679336408386339
2013-07-07,0.8680327315823527
2013-07-08,0.8680349389033901
2013-07-09,0.8682194198669083
2013-07-10,0.8685410200401612
2013-07-11,0.8683775888959548
2013-07-12,0.8680642741369327
2013-07-13,0.8678543958693694
2013-07-14,0.8677545475990719
2013-07-15,0.8677053488465714
2013-07-16,0.8679204718356386
2013-07-17,0.8681192548268779
2013-07-18,0.8679775093706966
2013-07-19,0.8676740499981168
2013-07-20,0.8676028259225596
2013-07-21,0.8675490093547972
2013-07-22,0.8675318867475736
2013-07-23,0.867576951870252
2013-07-24,0.8677164412418692
2013-07-25,0.8675667416402993
2013-07-26,0.8673389532374374
2013-07-27,0.8673057265231972
2013-07-28,0.8671916521825377
2013-07-29,0.8671828962975411
2013-07-30,0.867401375371963
2013-07-31,0.8675252667879394
2013-08-01,0.8674147515380501
2013-08-02,0.8673534437216799
2013-08-03,0.8672660976351855
2013-08-04,0.8673681726034742
2013-08-05,0.867502182971033
2013-08-06,0.8678846845879397
2013-08-07,0.8681987974489156
2013-08-08,0.8680918437037077
2013-08-09,0.867947791748373
2013-08-10,0.8679185867678905
2013-08-11,0.8679253791548247
2013-08-12,0.8678592576674238
2013-08-13,0.868137316652589
2013-08-14,0.8685143454780442
2013-08-15,0.8683782302878431
2013-08-16,0.8684036321849439
2013-08-17,0.8684129287858133
2013-08-18,0.8685290847720085
2013-08-19,0.868510895065732
2013-08-20,0.8688465200186731
2013-08-21,0.8691459010491357
2013-08-22,0.8690446805527277
2013-08-23,0.8688537780220087
2013-08-24,0.8688082584088207
2013-08-25,0.8687586689871623
2013-08-26,0.8687633588626202
2013-08-27,0.8689672638655803
2013-08-28,0.8690804056828226
2013-08-29,0.8688603926910853
2013-08-30,0.8686571623815872
2013-08-31,0.868510434101815
2013-09-01,0.8683322177185474
2013-09-02,0.8683519364591105
2013-09-03,0.8685353286534613
2013-09-04,0.8688200354665546
2013-09-05,0.8685733250160436
2013-09-06,0.8683678928331791
2013-09-07,0.8684092558064384
2013-09-08,0.8684406566414332
2013-09-09,0.868458897674893
2013-09-10,0.8687122922690572
2013-09-11,0.8689770725267325
2013-09-12,0.8690257949792638
2013-09-13,0.868933442209944
2013-09-14,0.8688809776761275
2013-09-15,0.8689063723302067
2013-09-16,0.8690241919427899
2013-09-17,0.8693685067094471
2013-09-18,0.869652569131662
2013-09-19,0.8694947144908941
2013-09-20,0.8694169408009997
2013-09-21,0.869489125000343
2013-09-22,0.8696642260541896
2013-09-23,0.8698081275421716
2013-09-24,0.8701073276657428
2013-09-25,0.8704345656754233
2013-09-26,0.8703776183044926
2013-09-27,0.8702867077677925
2013-09-28,0.8703368097019079
2013-09-29,0.8704254642089143
2013-09-30,0.8706629167626093
2013-10-01,0.8709924312230467
2013-10-02,0.8711192879946209
2013-10-03,0.871028381808847
2013-10-04,0.8708444383210786
2013-10-05,0.8709739403479867
2013-10-06,0.8710065233769542
2013-10-07,0.8711451407654474
2013-10-08,0.8714859117177514
2013-10-09,0.8717038129934295
2013-10-10,0.871628838486904
2013-10-11,0.8714951036622627
2013-10-12,0.8716168565010881
2013-10-13,0.8716032961803821
2013-10-14,0.8717773169641866
2013-10-15,0.8720321383591788
2013-10-16,0.8720346585582055
2013-10-17,0.8718161987622298
2013-10-18,0.8716456061301849
2013-10-19,0.8716444424126305
2013-10-20,0.8716567116671198
2013-10-21,0.871708466359739
2013-10-22,0.8719567129309475
2013-10-23,0.8722372506438029
2013-10-24,0.8721673373883395
2013-10-25,0.8720204451232034
2013-10-26,0.8720057959170275
2013-10-27,0.8720204419813706
2013-10-28,0.8721220354124509
2013-10-29,0.8722242218573579
2013-10-30,0.872206325767162
2013-10-31,0.8720789099708383
2013-11-01,0.8719364530296314
2013-11-02,0.8719019416846351
2013-11-03,0.8720502341099804
2013-11-04,0.8721043033299531
2013-11-05,0.8725015256840712
2013-11-06,0.8727803412995385
2013-11-07,0.8726804984029614
2013-11-08,0.8725718654173362
2013-11-09,0.87255478958508
2013-11-10,0.8726450059809907
2013-11-11,0.87269748513477
2013-11-12,0.8729269001873418
2013-11-13,0.873083310496596
2013-11-14,0.8729443628568405
2013-11-15,0.8728260654267483
2013-11-16,0.8727407861587612
2013-11-17,0.8726241982403918
2013-11-18,0.8725970688773097
2013-11-19,0.8727235601376397
2013-11-20,0.8728422363064724
2013-11-21,0.8725695314850132
2013-11-22,0.8723172083863253
2013-11-23,0.8721716816605639
2013-11-24,0.8720378392010668
2013-11-25,0.8719141210524595
2013-11-26,0.8718907814543013
2013-11-27,0.871963553289701
2013-11-28,0.871739839736694
2013-11-29,0.8715159813538352
2013-11-30,0.8713395307822266
2013-12-01,0.8712477969983025
2013-12-02,0.8712740098605289
2013-12-03,0.8715481868045654
2013-12-04,0.8717938014660991
2013-12-05,0.8717168747874713
2013-12-06,0.8715529576331584
2013-12-07,0.8714971699381655
2013-12-08,0.8714669519940933
2013-12-09,0.8715628602328239
2013-12-10,0.8717420634560488
2013-12-11,0.8719370782869285
2013-12-12,0.871723641416449
2013-12-13,0.8714325419980691
2013-12-14,0.8713680781467096
2013-12-15,0.8713807977589428
2013-12-16,0.8715698246396093
2013-12-17,0.8718965166033522
2013-12-18,0.8721289699459173
2013-12-19,0.8719319672091851
2013-12-20,0.8717876704208786
2013-12-21,0.8716665053195195
2013-12-22,0.8716928232539021
2013-12-23,0.8717470252061721
2013-12-24,0.8719970998076665
2013-12-25,0.8722519362965234
2013-12-26,0.8721868587455062
2013-12-27,0.8720968783553352
2013-12-28,0.8721126846093971
2013-12-29,0.8723235799153013
2013-12-30,0.8726476223093622
2013-12-31,0.8729954925376525
2014-01-01,0.8733354490517923
2014-01-02,0.8731521553738476
2014-01-03,0.872952986718442
2014-01-04,0.8728503444120557
2014-01-05,0.8728308852142875
2014-01-06,0.872841815058422
2014-01-07,0.8731038510857541
2014-01-08,0.8732801380534186
2014-01-09,0.8731736222409993
2014-01-10,0.8728379982870303
2014-01-11,0.872799704544535
2014-01-12,0.8727669894812754
2014-01-13,0.8728430333725256
2014-01-14,0.8731633625844868
2014-01-15,0.873416251171154
2014-01-16,0.8732528158382559
2014-01-17,0.8730194871620827
2014-01-18,0.8730934630498346
2014-01-19,0.8732397784768337
2014-01-20,0.8733079813099791
2014-01-21,0.8736819445681465
2014-01-22,0.8739281001288167
2014-01-23,0.8739188732487807
2014-01-24,0.8738433644205583
2014-01-25,0.8739832092336755
2014-01-26,0.8742838450264082
2014-01-27,0.8745007960417301
2014-01-28,0.8747437117463944
2014-01-29,0.8749839537581701
2014-01-30,0.8749833058194643
2014-01-31,0.8748551666622074
2014-02-01,0.8749668441684706
2014-02-02,0.8750948456377536
2014-02-03,0.8751941950557028
2014-02-04,0.8753549081979437
2014-02-05,0.8755165250252104
2014-02-06,0.8752738604425948
2014-02-07,0.8750625951527922
2014-02-08,0.8749575525310175
2014-02-09,0.8749460293202498
2014-02-10,0.874982917669178
2014-02-11,0.8752611507393925
2014-02-12,0.8755596564468523
2014-02-13,0.8753233168491048
2014-02-14,0.8750428822892367
2014-02-15,0.8749811306464473
2014-02-16,0.8749601851906528
2014-02-17,0.8749850228801557
2014-02-18,0.8753031739361489
2014-02-19,0.8755011965935202
2014-02-20,0.8754468539104618
2014-02-21,0.8752895160520409
2014-02-22,0.8752945577295849
2014-02-23,0.875261187445523
2014-02-24,0.8752782730931736
2014-02-25,0.8755013877970165
2014-02-26,0.8756878668143045
2014-02-27,0.8755681194417871
2014-02-28,0.875389830062987
2014-03-01,0.8754366023142484
2014-03-02,0.875549921956894
2014-03-03,0.8755113595352555
2014-03-04,0.8757744856113269
2014-03-05,0.8760176083542264
2014-03-06,0.8759514733717509
2014-03-07,0.8757830876921276
2014-03-08,0.8757923908179236
2014-03-09,0.8757485510398416
2014-03-10,0.8756805035641455
2014-03-11,0.8758322132075993
2014-03-12,0.8762159279891077
2014-03-13,0.8761891679807529
2014-03-14,0.8760335184406288
2014-03-15,0.8760631790705062
2014-03-16,0.8761436825410209
2014-03-17,0.8765250143130093
2014-03-18,0.8768361985450276
2014-03-19,0.8771607581295655
2014-03-20,0.8770364195080931
2014-03-21,0.8768312283567933
2014-03-22,0.8768634863677888
2014-03-23,0.8768896964301153
2014-03-24,0.8769732827080856
2014-03-25,0.8772609505925709
2014-03-26,0.8775366293764545
2014-03-27,0.8773818104900428
2014-03-28,0.8772683314618117
2014-03-29,0.8773562996798857
2014-03-30,0.8774338455428318
2014-03-31,0.8774759672695449
2014-04-01,0.8776839810963242
2014-04-02,0.8779451826125813
2014-04-03,0.8778847773404439
2014-04-04,0.8777015247383593
2014-04-05,0.8777200213231564
2014-04-06,0.8777514637940598
2014-04-07,0.8778845935876239
2014-04-08,0.8782025840954136
2014-04-09,0.8785088110094859
2014-04-10,0.878426493492573
2014-04-11,0.8782826214800431
2014-04-12,0.8783190335400505
2014-04-13,0.8783401240688663
2014-04-14,0.8784804451139515
2014-04-15,0.8788310039981627
2014-04-16,0.8791535714379838
2014-04-17,0.8790858583634289
2014-04-18,0.8789363409296126
2014-04-19,0.878959220583527
2014-04-20,0.8789609790165215
2014-04-21,0.8790176157034512
2014-04-22,0.8791594680660872
2014-04-23,0.8793523756555985
2014-04-24,0.8791722470125108
2014-04-25,0.8789539306247149
2014-04-26,0.8787178550340715
2014-04-27,0.8786279274620665
2014-04-28,0.8786571360667708
2014-04-29,0.878891953324844
2014-04-30,0.8790787134748459
2014-05-01,0.8789066813256805
2014-05-02,0.8786208492875176
2014-05-03,0.8786943982344705
2014-05-04,0.8786710604340557
2014-05-05,0.8786887773194695
2014-05-06,0.8788985836427505
2014-05-07,0.8790879274221601
2014-05-08,0.8788715875755723
2014-05-09,0.878642632087093
2014-05-10,0.8786452667195983
2014-05-11,0.878574305898103
2014-05-12,0.8785697255144254
2014-05-13,0.878754308664094
2014-05-14,0.879056296571176
2014-05-15,0.8789064438211805
2014-05-16,0.8786404288847598
2014-05-17,0.8783298388480792
2014-05-18,0.8782806911491421
2014-05-19,0.8783911269087677
2014-05-20,0.8786166176802099
2014-05-21,0.878938849405972
2014-05-22,0.8788426351239195
2014-05-23,0.8786059076159127
2014-05-24,0.8786225812620919
2014-05-25,0.8785187838221795
2014-05-26,0.8785840571503969
2014-05-27,0.8787399484638695
2014-05-28,0.8788738873905401
2014-05-29,0.8785978458266417
2014-05-30,0.8782638879877817
2014-05-31,0.8781540852888198
2014-06-01,0.878091611219889
2014-06-02,0.8780669817834124
2014-06-03,0.8782568347261562
2014-06-04,0.8782496115574276
2014-06-05,0.8779383413240119
2014-06-06,0.8777240060954921
2014-06-07,0.8775274408383642
2014-06-08,0.8776314310712823
2014-06-09,0.87759115122935
2014-06-10,0.8778238805240242
2014-06-11,0.878136045311291
2014-06-12,0.8779068438204884
2014-06-13,0.8777149481144465
2014-06-14,0.8776468031594007
2014-06-15,0.8776324387806064
2014-06-16,0.8776651733097413
2014-06-17,0.8776529940503581
2014-06-18,0.877747889683807
2014-06-19,0.877559098940905
2014-06-20,0.8772415367863263
2014-06-21,0.8770988415362514
2014-06-22,0.8772176571191094
2014-06-23,0.8771963999734929
2014-06-24,0.8773797621054269
2014-06-25,0.877669162652177
2014-06-26,0.8776973873217049
2014-06-27,0.8775452206192051
2014-06-28,0.8775118573074321
2014-06-29,0.877508858662923
2014-06-30,0.877493763188364
2014-07-01,0.8776691125315156
2014-07-02,0.8778352531418734
2014-07-03,0.8776986536648365
2014-07-04,0.8775715251676591
2014-07-05,0.877482502155672
2014-07-06,0.8775279989306835
2014-07-07,0.8776144900178046
2014-07-08,0.8779415139108666
2014-07-09,0.878262729939798
2014-07-10,0.8781786951692362
2014-07-11,0.8781272394969882
2014-07-12,0.8780945532968573
2014-07-13,0.8779438880133263
2014-07-14,0.8779077048361125
2014-07-15,0.8780880269236165
2014-07-16,0.8783644559037999
2014-07-17,0.8782201255351338
2014-07-18,0.8781201673786551
2014-07-19,0.8780354644952791
2014-07-20,0.8780162508953541
2014-07-21,0.8779956245565838
2014-07-22,0.8781481489255947
2014-07-23,0.8784405975075447
2014-07-24,0.8783575102877305
2014-07-25,0.8782754532279828
2014-07-26,0.8782543655078504
2014-07-27,0.878311958959656
2014-07-28,0.8783506256605382
2014-07-29,0.8786248256777585
2014-07-30,0.8790322274323862
2014-07-31,0.879049020414829
2014-08-01,0.8789265803892546
2014-08-02,0.8788489003147947
2014-08-03,0.8788942011337124
2014-08-04,0.8791774132056882
2014-08-05,0.8795722336748575
2014-08-06,0.8798235216391818
2014-08-07,0.8798712504804065
2014-08-08,0.8797486142188975
2014-08-09,0.8797646236489597
2014-08-10,0.879797464622212
2014-08-11,0.8797577391919595
2014-08-12,0.8800692873442663
2014-08-13,0.8803808352259148
2014-08-14,0.8803130005887458
2014-08-15,0.880266033890304
2014-08-16,0.8803762860620575
2014-08-17,0.880589618765751
2014-08-18,0.8808328943176411
2014-08-19,0.8811527095320296
2014-08-20,0.8815090186544375
2014-08-21,0.8815292062415865
2014-08-22,0.8813666011577609
2014-08-23,0.8814133122798138
2014-08-24,0.8814926813504569
2014-08-25,0.8815842229189479
2014-08-26,0.881881182402499
2014-08-27,0.882187128694673
2014-08-28,0.8821179202235663
2014-08-29,0.8820678741250346
2014-08-30,0.8821174208873146
2014-08-31,0.882228112913195
2014-09-01,0.8823656696236086
2014-09-02,0.8826368878569973
2014-09-03,0.8829378144424308
2014-09-04,0.8829504378892943
2014-09-05,0.8829190976381475
2014-09-06,0.8829762796812212
2014-09-07,0.882947232364368
2014-09-08,0.8830117148314395
2014-09-09,0.8833094116130971
2014-09-10,0.8835996950149572
2014-09-11,0.8835368965906908
2014-09-12,0.883608706864952
2014-09-13,0.8836339267744103
2014-09-14,0.8836597483694779
2014-09-15,0.8837969635652849
2014-09-16,0.8840900883231947
2014-09-17,0.8843532479587111
2014-09-18,0.88432910770115
2014-09-19,0.8842635173927511
2014-09-20,0.8843367779312943
2014-09-21,0.8844263312787869
2014-09-22,0.8844224078176746
2014-09-23,0.8845688194750597
2014-09-24,0.8847219546299484
2014-09-25,0.8846068498143629
2014-09-26,0.8845477075897066
2014-09-27,0.8846069298425375
2014-09-28,0.8846772787486368
2014-09-29,0.8846992912187209
2014-09-30,0.8848596312281384
2014-10-01,0.8851384325710759
2014-10-02,0.8851074078776661
2014-10-03,0.8850519956252632
2014-10-04,0.8850488686249772
2014-10-05,0.8850503764132667
2014-10-06,0.8851484806439747
2014-10-07,0.885426393709886
2014-10-08,0.8856114869124474
2014-10-09,0.8855878797560441
2014-10-10,0.8854377085066091
2014-10-11,0.8855618329619738
2014-10-12,0.8855867376462917
2014-10-13,0.8856350942151239
2014-10-14,0.8858829479023581
2014-10-15,0.8860040639531164
2014-10-16,0.8857893381169292
2014-10-17,0.8856066335352315
2014-10-18,0.8855347332765369
2014-10-19,0.8855350677180751
2014-10-20,0.8856051279126297
2014-10-21,0.885869451584123
2014-10-22,0.8860627722481144
2014-10-23,0.8859377906130734
2014-10-24,0.8858335591136899
2014-10-25,0.8858321025381504
2014-10-26,0.8856928246476673
2014-10-27,0.8855750109771418
2014-10-28,0.8855843680245428
2014-10-29,0.8855696357866514
2014-10-30,0.8854713309506127
2014-10-31,0.8853475143862358
2014-11-01,0.8853421972915401
2014-11-02,0.885361203375724
2014-11-03,0.8854785185347948
2014-11-04,0.8856925052181523
2014-11-05,0.8858596056311064
2014-11-06,0.8856320195162619
2014-11-07,0.885502276789755
2014-11-08,0.8854374893288761
2014-11-09,0.8853831514284227
2014-11-10,0.8854163912778193
2014-11-11,0.885653654275486
2014-11-12,0.8857605073803165
2014-11-13,0.8856963561729714
2014-11-14,0.8855917531943439
2014-11-15,0.8854139801511668
2014-11-16,0.8853586172850022
2014-11-17,0.8853704015653169
2014-11-18,0.8855087828240091
2014-11-19,0.885638917216507
2014-11-20,0.8854797941083277
2014-11-21,0.8852129931843951
2014-11-22,0.885140210309316
2014-11-23,0.8851617047770219
2014-11-24,0.8851373555990888
2014-11-25,0.8850611090357938
2014-11-26,0.8849397157003148
2014-11-27,0.8847013751542788
2014-11-28,0.8844537864322694
2014-11-29,0.8843484520347541
2014-11-30,0.8843577209956672
2014-12-01,0.8843153973010117
2014-12-02,0.8843575900200293
2014-12-03,0.8844778789322818
2014-12-04,0.8843710212184451
2014-12-05,0.8843013240578296
2014-12-06,0.8842638009988258
2014-12-07,0.8842247150114269
2014-12-08,0.8840879473083362
2014-12-09,0.8841733967303097
2014-12-10,0.884390966294631
2014-12-11,0.8841851506956983
2014-12-12,0.8839944984134949
2014-12-13,0.8839812670843138
2014-12-14,0.883998317524389
2014-12-15,0.8841452636779183
2014-12-16,0.8844566437363707
2014-12-17,0.884704333953335
2014-12-18,0.8846050363126617
2014-12-19,0.884499391464907
2014-12-20,0.8845075023578294
2014-12-21,0.8845027223807318
2014-12-22,0.8845578323166228
2014-12-23,0.8848411333176305
2014-12-24,0.8851006634090348
2014-12-25,0.884966719057984
2014-12-26,0.8850225226552848
2014-12-27,0.8852459520474896
2014-12-28,0.8854600116790569
2014-12-29,0.8856772197877689
2014-12-30,0.8859337140450124
2014-12-31,0.8860318761501293
2015-01-01,0.885861758053419
2015-01-02,0.8856905149900486
2015-01-03,0.8855455455192979
2015-01-04,0.8855247033907192
2015-01-05,0.8855409505214076
2015-01-06,0.8858510929984867
2015-01-07,0.886043701229552
2015-01-08,0.8858829319483618
2015-01-09,0.8857364529407967
2015-01-10,0.8856643064539945
2015-01-11,0.8855884201045879
2015-01-12,0.8856104705519943
2015-01-13,0.8857715108651486
2015-01-14,0.8859374845761804
2015-01-15,0.8859440332231615
2015-01-16,0.8857867352830909
2015-01-17,0.8857134273651026
2015-01-18,0.8857033405853145
2015-01-19,0.8857198745056764
2015-01-20,0.8859513785867211
2015-01-21,0.8862414165461192
2015-01-22,0.8862048563109453
2015-01-23,0.8859924257610492
2015-01-24,0.886058822296873
2015-01-25,0.8863786592820622
2015-01-26,0.886714823136288
2015-01-27,0.8869681190208148
2015-01-28,0.8872235644793445
2015-01-29,0.887156745253947
2015-01-30,0.887077642326984
2015-01-31,0.8872036251543903
2015-02-01,0.8875069152971687
2015-02-02,0.8876595331413684
2015-02-03,0.8878728648976788
2015-02-04,0.8879925778835704
2015-02-05,0.8878996554605378
2015-02-06,0.887659590728958
2015-02-07,0.8877647973489329
2015-02-08,0.8878865021770174
2015-02-09,0.8879127922963524
2015-02-10,0.8881409049592345
2015-02-11,0.8883818739751524
2015-02-12,0.8882755104766283
2015-02-13,0.8881355809989807
2015-02-14,0.8881126356110289
2015-02-15,0.8880417158872471
2015-02-16,0.8880637059335665
2015-02-17,0.8882502025127562
2015-02-18,0.8884137904329725
2015-02-19,0.8883186884990483
2015-02-20,0.8881134903742987
2015-02-21,0.8881527238170134
2015-02-22,0.8881524806665134
2015-02-23,0.8881434989566226
2015-02-24,0.888356869877626
2015-02-25,0.8885035414224698
2015-02-26,0.8883276204638282
2015-02-27,0.8882278380658115
2015-02-28,0.8882374376967317
2015-03-01,0.8881949761355603
2015-03-02,0.8883769819885736
2015-03-03,0.8885491320699433
2015-03-04,0.8886673158489505
2015-03-05,0.8886242953544021
2015-03-06,0.8885018199090503
2015-03-07,0.8884799399429167
2015-03-08,0.8884689839311383
2015-03-09,0.8885283960991085
2015-03-10,0.8888076376887187
2015-03-11,0.88905167968956
2015-03-12,0.8890189523389778
2015-03-13,0.888959638950054
2015-03-14,0.8890602427799973
2015-03-15,0.8890702584001655
2015-03-16,0.8891899505532306
2015-03-17,0.8893935020511157
2015-03-18,0.8896237828874803
2015-03-19,0.88955193322903
2015-03-20,0.8894144524107325
2015-03-21,0.8895110673319117
2015-03-22,0.8895088579344317
2015-03-23,0.8895695344528173
2015-03-24,0.889810197149804
2015-03-25,0.8900311911278352
2015-03-26,0.8899305938754988
2015-03-27,0.8895901440668571
2015-03-28,0.8895135617130875
2015-03-29,0.8894912599509973
2015-03-30,0.889546465516541
2015-03-31,0.8897241566121209
2015-04-01,0.8898825588336331
2015-04-02,0.8896872445198492
2015-04-03,0.8893926014458462
2015-04-04,0.8892693155106329
2015-04-05,0.8892732007002574
2015-04-06,0.8893023387739954
2015-04-07,0.8894935041534487
2015-04-08,0.8896847539089925
2015-04-09,0.889559558187086
2015-04-10,0.889248503445714
2015-04-11,0.8891574545093595
2015-04-12,0.8891204132365275
2015-04-13,0.8891364639319114
2015-04-14,0.8892607482685743
2015-04-15,0.889363035620732
2015-04-16,0.8890702362262889
2015-04-17,0.8889043986525149
2015-04-18,0.8888181149848853
2015-04-19,0.8888621068385499
2015-04-20,0.8889029479571608
2015-04-21,0.888994067313531
2015-04-22,0.8891782863163894
2015-04-23,0.8889926069915295
2015-04-24,0.8887550392091804
2015-04-25,0.8884384633693586
2015-04-26,0.8883504906716071
2015-04-27,0.8883829176879291
2015-04-28,0.8885663969217857
2015-04-29,0.8886786802591493
2015-04-30,0.8884451234188986
2015-05-01,0.8882543079010405
2015-05-02,0.8880556498137622
2015-05-03,0.8880363952125241
2015-05-04,0.8881127832711078
2015-05-05,0.8882598741944772
2015-05-06,0.8883877484262102
2015-05-07,0.8881972292879403
2015-05-08,0.887905760118599
2015-05-09,0.8877886768280018
2015-05-10,0.8876874704847308
2015-05-11,0.8875642930534284
2015-05-12,0.887439481332831
2015-05-13,0.8874341164287546
2015-05-14,0.8871913748468384
2015-05-15,0.8869821973232608
2015-05-16,0.886885272303191
2015-05-17,0.8867711607854771
2015-05-18,0.8866165444314374
2015-05-19,0.8866798424668947
2015-05-20,0.886754681063005
2015-05-21,0.8864474843134555
2015-05-22,0.8861587018922756
2015-05-23,0.8859907564165335
2015-05-24,0.8858208698965361
2015-05-25,0.8858648672708266
2015-05-26,0.8860058886162835
2015-05-27,0.8862945648932922
2015-05-28,0.8862133337036233
2015-05-29,0.8860402099448405
2015-05-30,0.8859385283275633
2015-05-31,0.8859180751497487
2015-06-01,0.8859251076689759
2015-06-02,0.8860608512993997
2015-06-03,0.8863029044257433
2015-06-04,0.8861825349748376
2015-06-05,0.8858818726251719
2015-06-06,0.8857683281845009
2015-06-07,0.8857313005720742
2015-06-08,0.8858176126506903
2015-06-09,0.8859708587288355
2015-06-10,0.886261699484058
2015-06-11,0.886196359926276
2015-06-12,0.8859820736185502
2015-06-13,0.8858523621257925
2015-06-14,0.8858518666084314
2015-06-15,0.8859141639903949
2015-06-16,0.886118111408881
2015-06-17,0.8862874720629985
2015-06-18,0.8861741624317472
2015-06-19,0.8858675259213379
2015-06-20,0.8857104085298508
2015-06-21,0.8857607308273835
2015-06-22,0.885774704642722
2015-06-23,0.8859803269429349
2015-06-24,0.8861787547399373
2015-06-25,0.8862633741190201
2015-06-26,0.8861463067859058
2015-06-27,0.886049846507124
2015-06-28,0.8860082660422927
2015-06-29,0.8859574812747273
2015-06-30,0.8861346825462515
2015-07-01,0.886329794539758
2015-07-02,0.8861872013807874
2015-07-03,0.8859267465294568
2015-07-04,0.8858234086814992
2015-07-05,0.8857291991358035
2015-07-06,0.8857086371325706
2015-07-07,0.8858930359832317
2015-07-08,0.8861450418565824
2015-07-09,0.8860426916973996
2015-07-10,0.8858493443740724
2015-07-11,0.8858048406407998
2015-07-12,0.885942473114314
2015-07-13,0.8860456576477833
2015-07-14,0.8861785844584057
2015-07-15,0.8863756424201212
2015-07-16,0.8861929424424749
2015-07-17,0.886035439170587
2015-07-18,0.8861214776737405
2015-07-19,0.8861593527057612
2015-07-20,0.8862236835048688
2015-07-21,0.8864553080779998
2015-07-22,0.8867015097396114
2015-07-23,0.8866671146987972
2015-07-24,0.8865279867993097
2015-07-25,0.8865029940609325
2015-07-26,0.8864858762989735
2015-07-27,0.8863415279560488
2015-07-28,0.8864239033549516
2015-07-29,0.8866434897644823
2015-07-30,0.8865463623070328
2015-07-31,0.8864078379288051
2015-08-01,0.8863485701281043
2015-08-02,0.8862815013197904
2015-08-03,0.8862381630399594
2015-08-04,0.8863427114593593
2015-08-05,0.8865892956223822
2015-08-06,0.8865225791764865
2015-08-07,0.8862413870953976
2015-08-08,0.8859333152113668
2015-08-09,0.885817448972367
2015-08-10,0.8857362204347228
2015-08-11,0.8858721554076459
2015-08-12,0.8859251220370177
2015-08-13,0.885802727662883
2015-08-14,0.88565387450275
2015-08-15,0.8855932414243533
2015-08-16,0.8856126418692133
2015-08-17,0.885597715894501
2015-08-18,0.8857412477315638
2015-08-19,0.8859473582346139
2015-08-20,0.8858579120081326
2015-08-21,0.8857290594618207
2015-08-22,0.8857167299455919
2015-08-23,0.8857359144313591
2015-08-24,0.8857965132736508
2015-08-25,0.8860045765245935
2015-08-26,0.886191354816294
2015-08-27,0.8861589301633321
2015-08-28,0.88608751701605
2015-08-29,0.886153421485819
2015-08-30,0.8862139898810384
2015-08-31,0.8862118650551356
2015-09-01,0.8863902417136413
2015-09-02,0.8865922094104096
2015-09-03,0.8865254748549852
2015-09-04,0.8864801095302671
2015-09-05,0.8864675696558487
2015-09-06,0.8864067105335859
2015-09-07,0.8864239461609402
2015-09-08,0.8865954568798791
2015-09-09,0.8868057659447923
2015-09-10,0.8867184802838278
2015-09-11,0.8866375362244971
2015-09-12,0.8866162762890502
2015-09-13,0.8867151060323067
2015-09-14,0.8867694110503899
2015-09-15,0.8869765937871004
2015-09-16,0.8871755183483473
2015-09-17,0.8870870093759233
2015-09-18,0.8869391923457578
2015-09-19,0.886953265206659
2015-09-20,0.8869894850344878
2015-09-21,0.8869912351265907
2015-09-22,0.887087205653074
2015-09-23,0.8872778049890153
2015-09-24,0.8872029205069247
2015-09-25,0.8870432824270823
2015-09-26,0.8871618153652308
2015-09-27,0.8871645527631011
2015-09-28,0.8872007487107396
2015-09-29,0.887418688995204
2015-09-30,0.8875450425949551
2015-10-01,0.887400964965894
2015-10-02,0.8872096331343562
2015-10-03,0.8872401516082665
2015-10-04,0.8872771818985465
2015-10-05,0.8872589959887988
2015-10-06,0.8874277348934263
2015-10-07,0.8876541006240547
2015-10-08,0.8877217269197778
2015-10-09,0.8876457450615038
2015-10-10,0.8876577622329096
2015-10-11,0.8876530662502145
2015-10-12,0.8878770755018429
2015-10-13,0.8881423215336887
2015-10-14,0.8882297236808736
2015-10-15,0.8877500576336667
2015-10-16,0.8876301812116653
2015-10-17,0.8876010072093519
2015-10-18,0.8875757875621136
2015-10-19,0.8876106688013701
2015-10-20,0.8878047859859435
2015-10-21,0.8879005430221011
2015-10-22,0.8877959635305733
2015-10-23,0.8876345631478377
2015-10-24,0.8875754230175193
2015-10-25,0.8874999584907601
2015-10-26,0.8874199674061096
2015-10-27,0.8874763515292031
2015-10-28,0.8874081180178858
2015-10-29,0.8871216818301499
2015-10-30,0.8869355469896162
2015-10-31,0.8869292778601054
2015-11-01,0.8870152881778673
2015-11-02,0.8871400019207477
2015-11-03,0.8873331982395661
2015-11-04,0.8874495793429662
2015-11-05,0.887374146449399
2015-11-06,0.8873548959483955
2015-11-07,0.8873783866681292
2015-11-08,0.8874371547554224
2015-11-09,0.8875392880260388
2015-11-10,0.8878133166348622
2015-11-11,0.8880220770434687
2015-11-12,0.887981972382516
2015-11-13,0.8877824153263278
2015-11-14,0.887751467693634
2015-11-15,0.8877148178527399
2015-11-16,0.8877502233388241
2015-11-17,0.8878664756689072
2015-11-18,0.8880608285253446
2015-11-19,0.8879402073199854
2015-11-20,0.887762741478264
2015-11-21,0.8876303984446945
2015-11-22,0.8876178112403565
2015-11-23,0.887630473402685
2015-11-24,0.8876331389148377
2015-11-25,0.8876485408689186
2015-11-26,0.8873579222132275
2015-11-27,0.8871280032644783
2015-11-28,0.8869583256155997
2015-11-29,0.8867764302238879
2015-11-30,0.8867588939494367
2015-12-01,0.8868895423289088
2015-12-02,0.8870089354447525
2015-12-03,0.8868223438334057
2015-12-04,0.8866503479713715
2015-12-05,0.8866874884702104
2015-12-06,0.8867190931545837
2015-12-07,0.8867831013165999
2015-12-08,0.8869739089095483
2015-12-09,0.8871709082027033
2015-12-10,0.8871228431538828
2015-12-11,0.8869329400778553
2015-12-12,0.8868383580264614
2015-12-13,0.8868495252517035
2015-12-14,0.886973795910118
2015-12-15,0.8874817328768074
2015-12-16,0.8876329776958588
2015-12-17,0.8875732190751741
2015-12-18,0.8874377288329001
2015-12-19,0.8873870580607118
2015-12-20,0.8873691695184459
2015-12-21,0.8874838394570322
2015-12-22,0.8876671258287687
2015-12-23,0.8878375045266251
2015-12-24,0.8876934620360917
2015-12-25,0.8875823992742375
2015-12-26,0.8876351947442036
2015-12-27,0.8877300059616848
2015-12-28,0.887898808386891
2015-12-29,0.8881349154078685
2015-12-30,0.8883100181756003
2015-12-31,0.8881629812779482
2016-01-01,0.8879033789245347
2016-01-02,0.8879380654668002
2016-01-03,0.8879293490163758
2016-01-04,0.8880252622290777
2016-01-05,0.888169054320147
2016-01-06,0.88835205672006
2016-01-07,0.8881771773635673
2016-01-08,0.8880188948972332
2016-01-09,0.887893229012746
2016-01-10,0.8879009056784288
2016-01-11,0.8879675018406681
2016-01-12,0.8881131244465507
2016-01-13,0.8883788757191785
2016-01-14,0.8882759243061343
2016-01-15,0.8881981571198706
2016-01-16,0.888141810100111
2016-01-17,0.8881999505114506
2016-01-18,0.8882261760512502
2016-01-19,0.8885092797602607
2016-01-20,0.8888124300312731
2016-01-21,0.8888662241545057
2016-01-22,0.8887526077748609
2016-01-23,0.8888297786265444
2016-01-24,0.8889713699297043
2016-01-25,0.8892222680116004
2016-01-26,0.8896653158236245
2016-01-27,0.8902044184671823
2016-01-28,0.8904212492185021
2016-01-29,0.890489894866839
2016-01-30,0.8906622127625065
2016-01-31,0.8908724851729639
2016-02-01,0.8912307242363676
2016-02-02,0.891669645037164
2016-02-03,0.8921290802220894
2016-02-04,0.8922193920424687
2016-02-05,0.8921609628457684
2016-02-06,0.8923115113293291
2016-02-07,0.8925293062610494
2016-02-08,0.8928241085560037
2016-02-09,0.8932070139978954
2016-02-10,0.8936714674837166
2016-02-11,0.8936033331355684
2016-02-12,0.893503096050765
2016-02-13,0.8935962340450453
2016-02-14,0.8938450359574517
2016-02-15,0.8939567746195355
2016-02-16,0.8942567487582574
2016-02-17,0.8946881033212161
2016-02-18,0.8948087343973185
2016-02-19,0.8948532719088328
2016-02-20,0.8949308931784585
2016-02-21,0.8949454473873434
2016-02-22,0.8951091144119432
2016-02-23,0.8954900610956263
2016-02-24,0.8958893850508366
2016-02-25,0.8959899068845746
2016-02-26,0.895975602801448
2016-02-27,0.8961070318251878
2016-02-28,0.8963833971366201
2016-02-29,0.8966002059324191
2016-03-01,0.8970213523247101
2016-03-02,0.8975572251781181
2016-03-03,0.8975496004888853
2016-03-04,0.8975829936123314
2016-03-05,0.8977479530871606
2016-03-06,0.8980161530871372
2016-03-07,0.8981988018003148
2016-03-08,0.8986378687585984
2016-03-09,0.8990205848518674
2016-03-10,0.8992009803794405
2016-03-11,0.8992366988560265
2016-03-12,0.8994104836765472
2016-03-13,0.8995910208996696
2016-03-14,0.8997795733199306
2016-03-15,0.9000608694272233
2016-03-16,0.9004180907703548
2016-03-17,0.9004608026204766
2016-03-18,0.9004753504292714
2016-03-19,0.9006233734908776
2016-03-20,0.9006840981353685
2016-03-21,0.9007599728582524
2016-03-22,0.9010533446103673
2016-03-23,0.90141109658751
2016-03-24,0.9013896042746034
2016-03-25,0.9013678789164814
2016-03-26,0.9015532442417811
2016-03-27,0.9016243353758957
2016-03-28,0.901554605627066
2016-03-29,0.901748792392893
2016-03-30,0.9020840059131264
2016-03-31,0.9020624835422545
2016-04-01,0.9019573803426987
2016-04-02,0.9019435299099435
2016-04-03,0.901884653533128
2016-04-04,0.9018701555455485
2016-04-05,0.9020244746816858
2016-04-06,0.902247564007352
2016-04-07,0.9021305443343385
2016-04-08,0.9018990957566376
2016-04-09,0.9017646553319278
2016-04-10,0.9016694201655697
2016-04-11,0.9016316271405723
2016-04-12,0.901937541229691
2016-04-13,0.902188150900291
2016-04-14,0.9020402743976339
2016-04-15,0.9017146457299398
2016-04-16,0.9017510264045859
2016-04-17,0.9016647392529465
2016-04-18,0.901550340337977
2016-04-19,0.9016350037680565
2016-04-20,0.9017427035505278
2016-04-21,0.9015854873492282
2016-04-22,0.9014600503895271
2016-04-23,0.9013805433410083
2016-04-24,0.9013021606776495
2016-04-25,0.9012677909617505
2016-04-26,0.9013879753391771
2016-04-27,0.9015561169919525
2016-04-28,0.9013368742492821
2016-04-29,0.9010388361674888
2016-04-30,0.9008953351860404
2016-05-01,0.9007580286175114
2016-05-02,0.9005553711403199
2016-05-03,0.9007186395538723
2016-05-04,0.9008186069674443
2016-05-05,0.9005234120278958
2016-05-06,0.9002492581241391
2016-05-07,0.900171171936333
2016-05-08,0.8999677038621099
2016-05-09,0.8997673011492012
2016-05-10,0.8998041798647204
2016-05-11,0.8998415665970041
2016-05-12,0.8995650077342573
2016-05-13,0.8992397193210684
2016-05-14,0.899038850674639
2016-05-15,0.8988224799789513
2016-05-16,0.8986119782854064
2016-05-17,0.8987004217098339
2016-05-18,0.8987446471798355
2016-05-19,0.8984443216995781
2016-05-20,0.8981003364489095
2016-05-21,0.8979913155335498
2016-05-22,0.8977971287291623
2016-05-23,0.8976984750831817
2016-05-24,0.897772022547631
2016-05-25,0.8978238167768674
2016-05-26,0.8973979797803181
2016-05-27,0.8970540965244339
2016-05-28,0.8969155439416716
2016-05-29,0.8966460153270429
2016-05-30,0.8964609120511577
2016-05-31,0.8964092143265582
2016-06-01,0.8964209708245882
2016-06-02,0.8961024944308181
2016-06-03,0.8957568384386525
2016-06-04,0.8953015592247673
2016-06-05,0.8949758566516877
2016-06-06,0.8947244719992777
2016-06-07,0.8946474594999921
2016-06-08,0.8943872824093956
2016-06-09,0.8940225947721222
2016-06-10,0.8935258842121739
2016-06-11,0.8932130459684134
2016-06-12,0.8928820465268212
2016-06-13,0.8926953441835684
2016-06-14,0.8927219106633827
2016-06-15,0.8927718963251079
2016-06-16,0.8924207392045347
2016-06-17,0.8921196879382689
2016-06-18,0.8919165237898096
2016-06-19,0.8917900979096396
2016-06-20,0.8916821189323458
2016-06-21,0.8917445515375428
2016-06-22,0.8918028449661507
2016-06-23,0.8915764316019889
2016-06-24,0.8913429137815103
2016-06-25,0.8912162410275198
2016-06-26,0.8910478331986943
2016-06-27,0.8909272061773902
2016-06-28,0.8911030280936824
2016-06-29,0.8912853606055906
2016-06-30,0.8911189360968705
2016-07-01,0.8908141173710413
2016-07-02,0.8906569841262384
2016-07-03,0.8904875572379477
2016-07-04,0.8904028083126219
2016-07-05,0.890506241834363
2016-07-06,0.8905820235233787
2016-07-07,0.8903407761092543
2016-07-08,0.8901410913864514
2016-07-09,0.8900972742257829
2016-07-10,0.8899126988573633
2016-07-11,0.8898091540548984
2016-07-12,0.8899481926113982
2016-07-13,0.8900653854524248
2016-07-14,0.8899808850218952
2016-07-15,0.8899434796045063
2016-07-16,0.8899656331051395
2016-07-17,0.8899679627932336
2016-07-18,0.8899723481576755
2016-07-19,0.8902346856287375
2016-07-20,0.8905193836570483
2016-07-21,0.8904692557017739
2016-07-22,0.8903842034483479
2016-07-23,0.8903775065172387
2016-07-24,0.8903866830504781
2016-07-25,0.8904591516001712
2016-07-26,0.8907944325609692
2016-07-27,0.8911470593367301
2016-07-28,0.891109976079119
2016-07-29,0.8911328317502908
2016-07-30,0.8911731730431088
2016-07-31,0.8913248816286072
2016-08-01,0.8915391088019224
2016-08-02,0.8918981309094016
2016-08-03,0.8922947126061652
2016-08-04,0.8925909452021836
2016-08-05,0.8926983898848095
2016-08-06,0.8928300165645688
2016-08-07,0.8930007037946085
2016-08-08,0.8934033121289111
2016-08-09,0.8937217736439046
2016-08-10,0.8942196285670849
2016-08-11,0.8943132081696072
2016-08-12,0.8944721626299231
2016-08-13,0.8946349976827882
2016-08-14,0.8948061697039414
2016-08-15,0.8950348210398245
2016-08-16,0.8953964759949967
2016-08-17,0.8958144769724546
2016-08-18,0.8959448902544896
2016-08-19,0.8959682587147343
2016-08-20,0.8961021100987574
2016-08-21,0.8962427856877283
2016-08-22,0.8964267972071853
2016-08-23,0.8967341401923169
2016-08-24,0.897051860622269
2016-08-25,0.8970030945318539
2016-08-26,0.8970361335808223
2016-08-27,0.8971405970832984
2016-08-28,0.8971807381452207
2016-08-29,0.8972226678657093
2016-08-30,0.8974809749285038
2016-08-31,0.8978833654460866
2016-09-01,0.8979463922025797
2016-09-02,0.8979209445814487
2016-09-03,0.8980035483910862
2016-09-04,0.8981653365162267
2016-09-05,0.8983227463998632
2016-09-06,0.8986373122442238
2016-09-07,0.8989446398700315
2016-09-08,0.8989247153227814
2016-09-09,0.8990076526145134
2016-09-10,0.8991735333891219
2016-09-11,0.8992439593185936
2016-09-12,0.8994372779727221
2016-09-13,0.8996917566052246
2016-09-14,0.8999708461216089
2016-09-15,0.8999672761129657
2016-09-16,0.899909069785632
2016-09-17,0.899931072221433
2016-09-18,0.8999701804035646
2016-09-19,0.9001215771957026
2016-09-20,0.9003681346490288
2016-09-21,0.9007509988854497
2016-09-22,0.9007737166647648
2016-09-23,0.9007677074140449
2016-09-24,0.9008884725330334
2016-09-25,0.9009845952398294
2016-09-26,0.9010465977777773
2016-09-27,0.90126701187452
2016-09-28,0.9014216879767399
2016-09-29,0.901346396351037
2016-09-30,0.9011264256149191
2016-10-01,0.9010245915913482
2016-10-02,0.9009661603971018
2016-10-03,0.9011799865359812
2016-10-04,0.9017422867291546
2016-10-05,0.9023957137723478
2016-10-06,0.902873748803379
2016-10-07,0.9032538825263138
2016-10-08,0.903787247554433
2016-10-09,0.9043893587619468
2016-10-10,0.9048372198568381
2016-10-11,0.9054052720906314
2016-10-12,0.9059780392606168
2016-10-13,0.9063749390247693
2016-10-14,0.9067146924892627
2016-10-15,0.9071369700236631
2016-10-16,0.9075521477089372
2016-10-17,0.9079858111915298
2016-10-18,0.9085705022659076
2016-10-19,0.9091722847991763
2016-10-20,0.9094479817294014
2016-10-21,0.9097178563922924
2016-10-22,0.9100966653427772
2016-10-23,0.9104603233105732
2016-10-24,0.9108024288200797
2016-10-25,0.9113351624695709
2016-10-26,0.9117516129253629
2016-10-27,0.9120736827354011
2016-10-28,0.912371883237717
2016-10-29,0.9128042263634769
2016-10-30,0.9131982722786389
2016-10-31,0.9135676892256087
2016-11-01,0.9141328667256016
2016-11-02,0.914714213670241
2016-11-03,0.9150692331866548
2016-11-04,0.9153147394065051
2016-11-05,0.9156674137760179
2016-11-06,0.9160319331347264
2016-11-07,0.9164459345725097
2016-11-08,0.9170278486830963
2016-11-09,0.9175991627971606
2016-11-10,0.917831755112941
2016-11-11,0.9180185147076667
2016-11-12,0.9183152020666194
2016-11-13,0.9185945178139853
2016-11-14,0.9189533416181649
2016-11-15,0.9194740953111141
2016-11-16,0.919999889217764
2016-11-17,0.9203192808834963
2016-11-18,0.9205874711151458
2016-11-19,0.9208405558258976
2016-11-20,0.9210944658972079
2016-11-21,0.9213576561542234
2016-11-22,0.9218347559037151
2016-11-23,0.9222641645824697
2016-11-24,0.9224190919153579
2016-11-25,0.9225739050969918
2016-11-26,0.9226793933145061
2016-11-27,0.9228624313471895
2016-11-28,0.9231175731162611
2016-11-29,0.9235434254874955
2016-11-30,0.924084496183779
2016-12-01,0.9244404946742671
2016-12-02,0.9247107988590274
2016-12-03,0.9247384905520439
2016-12-04,0.9246587247363249
2016-12-05,0.9245904266809627
2016-12-06,0.9245598527918099
2016-12-07,0.9245997371085166
2016-12-08,0.9243701571461419
2016-12-09,0.9240682084993206
2016-12-10,0.9240089790955617
2016-12-11,0.9240062959580201
2016-12-12,0.9238934791791295
2016-12-13,0.9238745901032717
2016-12-14,0.923922217794267
2016-12-15,0.9237349638817176
2016-12-16,0.923535687196293
2016-12-17,0.9233768593909001
2016-12-18,0.9232466281767056
2016-12-19,0.9231854059486655
2016-12-20,0.9232747391805577
2016-12-21,0.9231944369851968
2016-12-22,0.9227821084298811
2016-12-23,0.9223739186052266
2016-12-24,0.9223013562129175
2016-12-25,0.9223013028700964
2016-12-26,0.9223374061486665
2016-12-27,0.9223495138621389
2016-12-28,0.9224639478758306
2016-12-29,0.9222047729865703
2016-12-30,0.921798333245357
2016-12-31,0.9215558345110202
2017-01-01,0.9213720520142311
2017-01-02,0.9213268058662337
2017-01-03,0.921384527728039
2017-01-04,0.92146196998471
2017-01-05,0.9212971395869031
2017-01-06,0.921136218331247
2017-01-07,0.9211154652345862
2017-01-08,0.9210968325573334
2017-01-09,0.9210936117825446
2017-01-10,0.9212754582394257
2017-01-11,0.9214686023552061
2017-01-12,0.9214306230956829
2017-01-13,0.9213313583409974
2017-01-14,0.9213056377360802
2017-01-15,0.9213468745654141
2017-01-16,0.9213932057218641
2017-01-17,0.9215444405476496
2017-01-18,0.9217094203106053
2017-01-19,0.9216375885563647
2017-01-20,0.9215311503447196
2017-01-21,0.9215144462676902
2017-01-22,0.921521999277428
2017-01-23,0.9216094367277207
2017-01-24,0.9217844602340114
2017-01-25,0.921887494141381
2017-01-26,0.9219565867499255
2017-01-27,0.921897949649318
2017-01-28,0.9220048794567582
2017-01-29,0.9221041821514311
2017-01-30,0.9221821295227542
2017-01-31,0.9222142869299192
2017-02-01,0.9223701544185621
2017-02-02,0.9223779764151265
2017-02-03,0.9222899641528735
2017-02-04,0.9222437575345878
2017-02-05,0.9223038337773166
2017-02-06,0.9223000247035336
2017-02-07,0.9224546309365771
2017-02-08,0.9226425058685825
2017-02-09,0.9225020041991809
2017-02-10,0.9224133907034145
2017-02-11,0.9224595449236659
2017-02-12,0.9224820198396936
2017-02-13,0.9225116476521202
2017-02-14,0.9226433323429685
2017-02-15,0.9228537297617692
2017-02-16,0.9228427865596713
2017-02-17,0.9227854636237908
2017-02-18,0.9227749429652692
2017-02-19,0.9228305070237086
2017-02-20,0.9229903830141694
2017-02-21,0.9233929954117263
2017-02-22,0.9238522037974001
2017-02-23,0.9238728037083
2017-02-24,0.9237800848689255
2017-02-25,0.923816695649079
2017-02-26,0.923885119744867
2017-02-27,0.9238919492885833
2017-02-28,0.9241565712530494
2017-03-01,0.924594142430586
2017-03-02,0.9247823774862958
2017-03-03,0.9248735403772986
2017-03-04,0.9248446373083992
2017-03-05,0.9248059346764235
2017-03-06,0.9247833420321196
2017-03-07,0.9248946002469236
2017-03-08,0.9249892329755016
2017-03-09,0.9249258635263051
2017-03-10,0.9248949649238976
2017-03-11,0.9248087452065373
2017-03-12,0.9247216525413259
2017-03-13,0.9246620783628523
2017-03-14,0.9247203413779745
2017-03-15,0.924870797931236
2017-03-16,0.9248589310529435
2017-03-17,0.9247495330101871
2017-03-18,0.9246599492432879
2017-03-19,0.924573115201505
2017-03-20,0.9244910075423799
2017-03-21,0.9246157168110049
2017-03-22,0.9248055477735685
2017-03-23,0.9248124672164857
2017-03-24,0.9247822072214296
2017-03-25,0.9247136121063488
2017-03-26,0.9246721312006445
2017-03-27,0.9247457664499087
2017-03-28,0.9249840605128772
2017-03-29,0.925334966887062
2017-03-30,0.9253954160321689
2017-03-31,0.9253650655040865
