,avg_nb_sub,month,year,date
130,4.275719636718149,1,2009,2009-01-01
0,3.9054412205296027,2,2009,2009-02-01
53,3.9477384125892168,3,2009,2009-03-01
11,3.9934139673597877,4,2009,2009-04-01
3,3.9860412858013405,5,2009,2009-05-01
32,3.8548339598454797,6,2009,2009-06-01
128,4.0869746081400375,7,2009,2009-07-01
62,4.184124569331961,8,2009,2009-08-01
103,4.1406871004668995,9,2009,2009-09-01
120,3.9727799227799228,10,2009,2009-10-01
110,3.90642797319933,11,2009,2009-11-01
12,4.063620183751022,12,2009,2009-12-01
126,4.159881536875579,1,2010,2010-01-01
98,4.0179464802605995,2,2010,2010-02-01
21,4.226080308363729,3,2010,2010-03-01
78,4.282872039234494,4,2010,2010-04-01
85,4.328839150227617,5,2010,2010-05-01
30,4.37994887327877,6,2010,2010-06-01
34,4.548107868161137,7,2010,2010-07-01
124,4.495507477322874,8,2010,2010-08-01
13,4.6036089661089665,9,2010,2010-09-01
129,4.582323304456604,10,2010,2010-10-01
119,4.7192894437735315,11,2010,2010-11-01
28,4.671993240610478,12,2010,2010-12-01
9,4.678156282683401,1,2011,2011-01-01
88,4.487830503175521,2,2011,2011-02-01
42,4.459590625548412,3,2011,2011-03-01
58,4.41801349060171,4,2011,2011-04-01
10,4.4843184243691105,5,2011,2011-05-01
77,4.483922957080985,6,2011,2011-06-01
134,4.525190553660955,7,2011,2011-07-01
123,4.604902806722226,8,2011,2011-08-01
79,4.453647153087285,9,2011,2011-09-01
70,4.526454643024226,10,2011,2011-10-01
60,4.445706931421217,11,2011,2011-11-01
54,4.466850628014331,12,2011,2011-12-01
64,4.508911950451469,1,2012,2012-01-01
81,4.3737800503828765,2,2012,2012-02-01
26,4.404043815679381,3,2012,2012-03-01
96,4.390512170513154,4,2012,2012-04-01
31,4.395420886457743,5,2012,2012-05-01
63,4.376350443486548,6,2012,2012-06-01
118,4.464150222198579,7,2012,2012-07-01
5,4.467141620430127,8,2012,2012-08-01
23,4.307183863031119,9,2012,2012-09-01
109,4.350320491302212,10,2012,2012-10-01
114,4.274032793453981,11,2012,2012-11-01
40,4.314621139822986,12,2012,2012-12-01
56,4.373460331833349,1,2013,2013-01-01
33,4.186039194122409,2,2013,2013-02-01
89,4.309352120597363,3,2013,2013-03-01
27,4.405666989914793,4,2013,2013-04-01
122,4.3060013378989686,5,2013,2013-05-01
55,4.212836406402825,6,2013,2013-06-01
66,4.289798873919112,7,2013,2013-07-01
50,4.207401171321499,8,2013,2013-08-01
59,4.023175849396407,9,2013,2013-09-01
45,4.043362665988566,10,2013,2013-10-01
99,3.978385697635603,11,2013,2013-11-01
48,4.020860428373258,12,2013,2013-12-01
43,4.074461667012226,1,2014,2014-01-01
49,3.929137025239718,2,2014,2014-02-01
76,4.012811344847755,3,2014,2014-03-01
94,3.9631122773942065,4,2014,2014-04-01
52,4.008703387028393,5,2014,2014-05-01
18,3.9670835228521346,6,2014,2014-06-01
36,4.010749701249058,7,2014,2014-07-01
100,3.999063744425895,8,2014,2014-08-01
74,3.9347043735656593,9,2014,2014-09-01
73,3.958348333586404,10,2014,2014-10-01
15,3.892696567094786,11,2014,2014-11-01
93,3.956024508128692,12,2014,2014-12-01
38,4.029423730216924,1,2015,2015-01-01
108,3.8741051703985656,2,2015,2015-02-01
61,3.9588775344408997,3,2015,2015-03-01
112,3.959800725407932,4,2015,2015-04-01
113,3.933906016891778,5,2015,2015-05-01
16,3.9379246684897184,6,2015,2015-06-01
22,4.036508722843252,7,2015,2015-07-01
80,3.9615623842401995,8,2015,2015-08-01
86,3.8634659048281663,9,2015,2015-09-01
46,3.870882291658518,10,2015,2015-10-01
19,3.750416573299798,11,2015,2015-11-01
57,3.8666292057191782,12,2015,2015-12-01
6,3.8949590846220175,1,2016,2016-01-01
92,3.762821758935984,2,2016,2016-02-01
37,3.7682506337089805,3,2016,2016-03-01
72,3.735810863597726,4,2016,2016-04-01
95,3.7646770736674413,5,2016,2016-05-01
115,3.8206966856961677,6,2016,2016-06-01
24,3.7811412446016144,7,2016,2016-07-01
135,3.8466643309082666,8,2016,2016-08-01
133,3.7631026594942436,9,2016,2016-09-01
69,3.794294548842932,10,2016,2016-10-01
51,3.876858087587809,11,2016,2016-11-01
107,3.897942324716172,12,2016,2016-12-01
4,3.9665858784779484,1,2017,2017-01-01
29,3.82283766947429,2,2017,2017-02-01
97,3.914393414924324,3,2017,2017-03-01
