subreddit,count_pos,count_neg,agreement_factor,pos,neg,neu,vulg,count,neg_pos
AskReddit,63378,4638,0.9318101623147494,0.11922554451498368,0.08960182245207196,0.7904244046299252,0.14415502293193558,68016,0.029623722062911723
funny,21933,3868,0.8500833301034844,0.12326488157482252,0.08885024349603923,0.7866538370274924,0.11980523933616788,25801,0.03441463807878328
politics,16991,4020,0.8086716481842844,0.11405096743343503,0.10352535825207149,0.7821110321242142,0.12048520338805814,21011,0.01052560918136354
pics,17451,3407,0.8366573976411928,0.13204515284548657,0.08598066197440944,0.7810247170510948,0.10675277630399385,20858,0.04606449087107713
nfl,14686,1466,0.9092372461614661,0.13940675874116032,0.0966166667510044,0.7625334975485668,0.09251968503937008,16152,0.04279009199015592
leagueoflegends,11642,2908,0.8001374570446735,0.15600904324319326,0.09260584470407175,0.7502501781531016,0.08065306486101212,14550,0.0634031985391215
nba,12699,1750,0.8788843518582601,0.13833163755915964,0.092942782256932,0.7679186756385111,0.08798707853825964,14449,0.04538885530222764
worldnews,11101,3301,0.7707957228162755,0.108674080144912,0.10863212811140716,0.7823728639068603,0.132544,14402,4.195203350484955e-05
news,7959,2287,0.776790942806949,0.10288449553119867,0.11678204339364429,0.780286914078292,0.15725322712222276,10246,-0.013897547862445611
The_Donald,8723,188,0.978902480080799,0.125406547406076,0.0994545141688781,0.7737622330002462,0.1228118538938663,8911,0.025952033237197913
trees,4633,323,0.9348264729620662,0.16309125015424591,0.0724254097254397,0.7638219751369429,0.11307976053697769,4956,0.09066584042880621
MMA,3857,644,0.8569206842923794,0.13567677658931154,0.10858219864958767,0.7556192128383883,0.12255508789304283,4501,0.027094577939723877
technology,3774,613,0.8602689765215409,0.10628519196214485,0.0829311329905894,0.8106032110744029,0.10981266726137377,4387,0.023354058971555444
anime,4085,225,0.9477958236658933,0.14810113128108202,0.07522366387489915,0.7762404083453794,0.09414504324683966,4310,0.07287746740618287
aww,3595,605,0.8559523809523809,0.16738608882210426,0.07181583645439918,0.760204107882272,0.05983330025798769,4200,0.09557025236770508
TumblrInAction,3825,135,0.9659090909090909,0.11278923097599902,0.10605042743361276,0.7808235895315296,0.22564102564102564,3960,0.0067388035423862624
TwoXChromosomes,2979,629,0.8256651884700665,0.14597762529573774,0.0915652869953343,0.7621401631298186,0.2886367268659102,3608,0.05441233830040344
starcraft,2419,813,0.7484529702970297,0.15129487556005491,0.0878480609272893,0.7594735457678004,0.08808864265927978,3232,0.06344681463276561
europe,2757,371,0.8813938618925832,0.11186069360823873,0.09058649038571523,0.7973547804511533,0.08819402685909,3128,0.021274203222523505
pokemon,2782,261,0.914229378902399,0.1492964786367856,0.07026843857490442,0.7795048505513374,0.04398671096345515,3043,0.07902804006188119
